,LOC,Sample List,Trait,Haplotypes,SNPs,Mean,Sample Count
0,Glyma.01G049300,"['NJAU_C001', 'NJAU_C091', 'NJAU_C098', 'NJAU_C099', 'NJAU_C100', 'NJAU_C103', 'NJAU_C172', 'NJAU_C198', 'NJAU_C199', 'NJAU_C203', 'NJAU_C211', 'NJAU_C213']",grain_weight,hap1,GCAGAC,20.682,12
1,Glyma.01G049300,"['NJAU_C004', 'NJAU_C005', 'NJAU_C008', 'NJAU_C009', 'NJAU_C010', 'NJAU_C011', 'NJAU_C012', 'NJAU_C013', 'NJAU_C014', 'NJAU_C015', 'NJAU_C016', 'NJAU_C018', 'NJAU_C021', 'NJAU_C022', 'NJAU_C023', 'NJAU_C025', 'NJAU_C026', 'NJAU_C027', 'NJAU_C030', 'NJAU_C031', 'NJAU_C032', 'NJAU_C033', 'NJAU_C036', 'NJAU_C037', 'NJAU_C038', 'NJAU_C039', 'NJAU_C042', 'NJAU_C043', 'NJAU_C044', 'NJAU_C050', 'NJAU_C055', 'NJAU_C056', 'NJAU_C058', 'NJAU_C059', 'NJAU_C060', 'NJAU_C062', 'NJAU_C064', 'NJAU_C066', 'NJAU_C068', 'NJAU_C069', 'NJAU_C070', 'NJAU_C073', 'NJAU_C074', 'NJAU_C078', 'NJAU_C082', 'NJAU_C085', 'NJAU_C092', 'NJAU_C093', 'NJAU_C094', 'NJAU_C096', 'NJAU_C108', 'NJAU_C109', 'NJAU_C115', 'NJAU_C116', 'NJAU_C117', 'NJAU_C124', 'NJAU_C125', 'NJAU_C127', 'NJAU_C128', 'NJAU_C131', 'NJAU_C132', 'NJAU_C133', 'NJAU_C134', 'NJAU_C135', 'NJAU_C137', 'NJAU_C138', 'NJAU_C139', 'NJAU_C140', 'NJAU_C142', 'NJAU_C144', 'NJAU_C145', 'NJAU_C150', 'NJAU_C151', 'NJAU_C154', 'NJAU_C158', 'NJAU_C159', 'NJAU_C160', 'NJAU_C162', 'NJAU_C165', 'NJAU_C168', 'NJAU_C173', 'NJAU_C174', 'NJAU_C176', 'NJAU_C178', 'NJAU_C180', 'NJAU_C184', 'NJAU_C185', 'NJAU_C186', 'NJAU_C189', 'NJAU_C190', 'NJAU_C191', 'NJAU_C197', 'NJAU_C200', 'NJAU_C202', 'NJAU_C205', 'NJAU_C206', 'NJAU_C207', 'NJAU_C209', 'NJAU_C212', 'NJAU_C217', 'NJAU_C218', 'NJAU_C219']",grain_weight,hap3,ACGAGT,15.474,102
2,Glyma.07G180200,"['NJAU_C003', 'NJAU_C004', 'NJAU_C005', 'NJAU_C006', 'NJAU_C007', 'NJAU_C008', 'NJAU_C010', 'NJAU_C011', 'NJAU_C014', 'NJAU_C015', 'NJAU_C016', 'NJAU_C018', 'NJAU_C019', 'NJAU_C020', 'NJAU_C022', 'NJAU_C023', 'NJAU_C025', 'NJAU_C030', 'NJAU_C033', 'NJAU_C034', 'NJAU_C039', 'NJAU_C041', 'NJAU_C042', 'NJAU_C043', 'NJAU_C044', 'NJAU_C049', 'NJAU_C051', 'NJAU_C060', 'NJAU_C062', 'NJAU_C066', 'NJAU_C069', 'NJAU_C073', 'NJAU_C076', 'NJAU_C077', 'NJAU_C078', 'NJAU_C079', 'NJAU_C080', 'NJAU_C082', 'NJAU_C083', 'NJAU_C086', 'NJAU_C087', 'NJAU_C089', 'NJAU_C090', 'NJAU_C091', 'NJAU_C092', 'NJAU_C093', 'NJAU_C096', 'NJAU_C106', 'NJAU_C107', 'NJAU_C109', 'NJAU_C110', 'NJAU_C111', 'NJAU_C112', 'NJAU_C115', 'NJAU_C116', 'NJAU_C117', 'NJAU_C118', 'NJAU_C119', 'NJAU_C120', 'NJAU_C121', 'NJAU_C122', 'NJAU_C124', 'NJAU_C125', 'NJAU_C126', 'NJAU_C127', 'NJAU_C132', 'NJAU_C133', 'NJAU_C135', 'NJAU_C136', 'NJAU_C137', 'NJAU_C139', 'NJAU_C142', 'NJAU_C144', 'NJAU_C148', 'NJAU_C150', 'NJAU_C154', 'NJAU_C155', 'NJAU_C156', 'NJAU_C157', 'NJAU_C158', 'NJAU_C160', 'NJAU_C162', 'NJAU_C167', 'NJAU_C168', 'NJAU_C173', 'NJAU_C174', 'NJAU_C175', 'NJAU_C176', 'NJAU_C177', 'NJAU_C180', 'NJAU_C182', 'NJAU_C184', 'NJAU_C185', 'NJAU_C187', 'NJAU_C189', 'NJAU_C190', 'NJAU_C191', 'NJAU_C192', 'NJAU_C193', 'NJAU_C194', 'NJAU_C196', 'NJAU_C197', 'NJAU_C201', 'NJAU_C202', 'NJAU_C204', 'NJAU_C205', 'NJAU_C207', 'NJAU_C210', 'NJAU_C211', 'NJAU_C213', 'NJAU_C215', 'NJAU_C216', 'NJAU_C217', 'NJAU_C218', 'NJAU_C219']",grain_weight,hap2,CCC,15.055,115
3,Glyma.07G180200,"['NJAU_C017', 'NJAU_C035', 'NJAU_C036', 'NJAU_C064', 'NJAU_C070', 'NJAU_C072', 'NJAU_C085', 'NJAU_C100', 'NJAU_C123', 'NJAU_C141', 'NJAU_C165', 'NJAU_C170', 'NJAU_C179', 'NJAU_C188', 'NJAU_C198', 'NJAU_C199', 'NJAU_C203', 'NJAU_C206']",grain_weight,hap3,TTC,19.841,18
4,Glyma.12G102800,"['NJAU_C024', 'NJAU_C029', 'NJAU_C041', 'NJAU_C048', 'NJAU_C058', 'NJAU_C071', 'NJAU_C080', 'NJAU_C097', 'NJAU_C107', 'NJAU_C139', 'NJAU_C161', 'NJAU_C171', 'NJAU_C183']",grain_weight,hap18,CCACCGCTCTCGRYYMKRWYYTCG,15.983,13
5,Glyma.12G102800,"['NJAU_C010', 'NJAU_C019', 'NJAU_C028', 'NJAU_C032', 'NJAU_C035', 'NJAU_C065', 'NJAU_C090', 'NJAU_C144', 'NJAU_C160', 'NJAU_C198', 'NJAU_C199']",grain_weight,hap9,YMAYYRYYMYYSRYYMKAWYYCTA,14.391,11
6,Glyma.05G119500,"['NJAU_C001', 'NJAU_C002', 'NJAU_C003', 'NJAU_C004', 'NJAU_C005', 'NJAU_C006', 'NJAU_C007', 'NJAU_C008', 'NJAU_C009', 'NJAU_C010', 'NJAU_C011', 'NJAU_C012', 'NJAU_C013', 'NJAU_C014', 'NJAU_C015', 'NJAU_C016', 'NJAU_C017', 'NJAU_C018', 'NJAU_C019', 'NJAU_C020', 'NJAU_C021', 'NJAU_C022', 'NJAU_C023', 'NJAU_C024', 'NJAU_C025', 'NJAU_C026', 'NJAU_C027', 'NJAU_C028', 'NJAU_C029', 'NJAU_C030', 'NJAU_C031', 'NJAU_C032', 'NJAU_C033', 'NJAU_C034', 'NJAU_C035', 'NJAU_C036', 'NJAU_C037', 'NJAU_C038', 'NJAU_C039', 'NJAU_C040', 'NJAU_C041', 'NJAU_C042', 'NJAU_C043', 'NJAU_C044', 'NJAU_C045', 'NJAU_C046', 'NJAU_C047', 'NJAU_C048', 'NJAU_C049', 'NJAU_C050', 'NJAU_C051', 'NJAU_C052', 'NJAU_C053', 'NJAU_C054', 'NJAU_C055', 'NJAU_C056', 'NJAU_C057', 'NJAU_C058', 'NJAU_C059', 'NJAU_C060', 'NJAU_C061', 'NJAU_C062', 'NJAU_C063', 'NJAU_C064', 'NJAU_C065', 'NJAU_C066', 'NJAU_C067', 'NJAU_C068', 'NJAU_C069', 'NJAU_C070', 'NJAU_C071', 'NJAU_C072', 'NJAU_C073', 'NJAU_C074', 'NJAU_C075', 'NJAU_C076', 'NJAU_C077', 'NJAU_C078', 'NJAU_C079', 'NJAU_C080', 'NJAU_C081', 'NJAU_C082', 'NJAU_C083', 'NJAU_C084', 'NJAU_C085', 'NJAU_C086', 'NJAU_C087', 'NJAU_C089', 'NJAU_C090', 'NJAU_C091', 'NJAU_C092', 'NJAU_C093', 'NJAU_C094', 'NJAU_C095', 'NJAU_C096', 'NJAU_C097', 'NJAU_C101', 'NJAU_C102', 'NJAU_C103', 'NJAU_C104', 'NJAU_C105', 'NJAU_C106', 'NJAU_C108', 'NJAU_C109', 'NJAU_C110', 'NJAU_C111', 'NJAU_C112', 'NJAU_C113', 'NJAU_C114', 'NJAU_C115', 'NJAU_C116', 'NJAU_C117', 'NJAU_C118', 'NJAU_C119', 'NJAU_C120', 'NJAU_C121', 'NJAU_C122', 'NJAU_C123', 'NJAU_C124', 'NJAU_C125', 'NJAU_C127', 'NJAU_C128', 'NJAU_C129', 'NJAU_C130', 'NJAU_C131', 'NJAU_C132', 'NJAU_C133', 'NJAU_C135', 'NJAU_C136', 'NJAU_C138', 'NJAU_C139', 'NJAU_C140', 'NJAU_C141', 'NJAU_C142', 'NJAU_C143', 'NJAU_C144', 'NJAU_C145', 'NJAU_C146', 'NJAU_C147', 'NJAU_C148', 'NJAU_C149', 'NJAU_C150', 'NJAU_C151', 'NJAU_C152', 'NJAU_C153', 'NJAU_C154', 'NJAU_C155', 'NJAU_C156', 'NJAU_C157', 'NJAU_C158', 'NJAU_C159', 'NJAU_C160', 'NJAU_C161', 'NJAU_C162', 'NJAU_C163', 'NJAU_C164', 'NJAU_C165', 'NJAU_C167', 'NJAU_C168', 'NJAU_C170', 'NJAU_C171', 'NJAU_C173', 'NJAU_C175', 'NJAU_C176', 'NJAU_C177', 'NJAU_C178', 'NJAU_C179', 'NJAU_C180', 'NJAU_C181', 'NJAU_C182', 'NJAU_C183', 'NJAU_C184', 'NJAU_C185', 'NJAU_C186', 'NJAU_C187', 'NJAU_C188', 'NJAU_C189', 'NJAU_C190', 'NJAU_C191', 'NJAU_C194', 'NJAU_C195', 'NJAU_C196', 'NJAU_C197', 'NJAU_C198', 'NJAU_C199', 'NJAU_C200', 'NJAU_C201', 'NJAU_C202', 'NJAU_C204', 'NJAU_C205', 'NJAU_C206', 'NJAU_C207', 'NJAU_C208', 'NJAU_C212', 'NJAU_C213', 'NJAU_C214', 'NJAU_C215', 'NJAU_C217', 'NJAU_C218', 'NJAU_C219']",grain_weight,hap1,GAC,15.6,200
7,Glyma.05G119500,"['NJAU_C098', 'NJAU_C099', 'NJAU_C100', 'NJAU_C134', 'NJAU_C137', 'NJAU_C166', 'NJAU_C172', 'NJAU_C192', 'NJAU_C203', 'NJAU_C209', 'NJAU_C210', 'NJAU_C211', 'NJAU_C216']",grain_weight,hap2,AGA,20.042,13
8,Glyma.08G329600,"['NJAU_C001', 'NJAU_C002', 'NJAU_C003', 'NJAU_C004', 'NJAU_C005', 'NJAU_C006', 'NJAU_C007', 'NJAU_C008', 'NJAU_C009', 'NJAU_C010', 'NJAU_C011', 'NJAU_C012', 'NJAU_C013', 'NJAU_C014', 'NJAU_C015', 'NJAU_C016', 'NJAU_C017', 'NJAU_C018', 'NJAU_C019', 'NJAU_C020', 'NJAU_C021', 'NJAU_C023', 'NJAU_C024', 'NJAU_C025', 'NJAU_C026', 'NJAU_C027', 'NJAU_C028', 'NJAU_C029', 'NJAU_C030', 'NJAU_C031', 'NJAU_C032', 'NJAU_C033', 'NJAU_C034', 'NJAU_C035', 'NJAU_C036', 'NJAU_C037', 'NJAU_C038', 'NJAU_C039', 'NJAU_C040', 'NJAU_C041', 'NJAU_C042', 'NJAU_C043', 'NJAU_C044', 'NJAU_C045', 'NJAU_C046', 'NJAU_C047', 'NJAU_C048', 'NJAU_C049', 'NJAU_C050', 'NJAU_C051', 'NJAU_C052', 'NJAU_C053', 'NJAU_C055', 'NJAU_C056', 'NJAU_C057', 'NJAU_C058', 'NJAU_C059', 'NJAU_C060', 'NJAU_C061', 'NJAU_C062', 'NJAU_C063', 'NJAU_C064', 'NJAU_C065', 'NJAU_C066', 'NJAU_C067', 'NJAU_C068', 'NJAU_C069', 'NJAU_C070', 'NJAU_C071', 'NJAU_C072', 'NJAU_C073', 'NJAU_C074', 'NJAU_C075', 'NJAU_C078', 'NJAU_C079', 'NJAU_C080', 'NJAU_C081', 'NJAU_C082', 'NJAU_C083', 'NJAU_C084', 'NJAU_C085', 'NJAU_C086', 'NJAU_C087', 'NJAU_C089', 'NJAU_C090', 'NJAU_C091', 'NJAU_C092', 'NJAU_C093', 'NJAU_C094', 'NJAU_C095', 'NJAU_C096', 'NJAU_C097', 'NJAU_C101', 'NJAU_C102', 'NJAU_C103', 'NJAU_C104', 'NJAU_C105', 'NJAU_C106', 'NJAU_C107', 'NJAU_C108', 'NJAU_C109', 'NJAU_C110', 'NJAU_C111', 'NJAU_C112', 'NJAU_C113', 'NJAU_C114', 'NJAU_C115', 'NJAU_C116', 'NJAU_C117', 'NJAU_C118', 'NJAU_C119', 'NJAU_C120', 'NJAU_C121', 'NJAU_C122', 'NJAU_C123', 'NJAU_C124', 'NJAU_C125', 'NJAU_C126', 'NJAU_C127', 'NJAU_C129', 'NJAU_C130', 'NJAU_C131', 'NJAU_C132', 'NJAU_C133', 'NJAU_C134', 'NJAU_C135', 'NJAU_C136', 'NJAU_C137', 'NJAU_C138', 'NJAU_C139', 'NJAU_C140', 'NJAU_C141', 'NJAU_C142', 'NJAU_C143', 'NJAU_C144', 'NJAU_C145', 'NJAU_C146', 'NJAU_C147', 'NJAU_C148', 'NJAU_C149', 'NJAU_C150', 'NJAU_C151', 'NJAU_C152', 'NJAU_C153', 'NJAU_C154', 'NJAU_C155', 'NJAU_C156', 'NJAU_C157', 'NJAU_C158', 'NJAU_C159', 'NJAU_C160', 'NJAU_C161', 'NJAU_C162', 'NJAU_C163', 'NJAU_C164', 'NJAU_C165', 'NJAU_C166', 'NJAU_C169', 'NJAU_C170', 'NJAU_C171', 'NJAU_C173', 'NJAU_C175', 'NJAU_C176', 'NJAU_C177', 'NJAU_C178', 'NJAU_C179', 'NJAU_C180', 'NJAU_C181', 'NJAU_C182', 'NJAU_C183', 'NJAU_C184', 'NJAU_C185', 'NJAU_C186', 'NJAU_C187', 'NJAU_C188', 'NJAU_C189', 'NJAU_C191', 'NJAU_C192', 'NJAU_C193', 'NJAU_C194', 'NJAU_C196', 'NJAU_C197', 'NJAU_C200', 'NJAU_C201', 'NJAU_C202', 'NJAU_C204', 'NJAU_C205', 'NJAU_C206', 'NJAU_C207', 'NJAU_C208', 'NJAU_C209', 'NJAU_C210', 'NJAU_C211', 'NJAU_C212', 'NJAU_C213', 'NJAU_C214', 'NJAU_C215', 'NJAU_C217', 'NJAU_C218', 'NJAU_C219']",grain_weight,hap1,C,15.638,200
9,Glyma.08G329600,"['NJAU_C054', 'NJAU_C076', 'NJAU_C077', 'NJAU_C099', 'NJAU_C100', 'NJAU_C128', 'NJAU_C167', 'NJAU_C168', 'NJAU_C172', 'NJAU_C190', 'NJAU_C195', 'NJAU_C198', 'NJAU_C199', 'NJAU_C203', 'NJAU_C216']",grain_weight,hap3,T,19.398,15
10,Glyma.18G238800,"['NJAU_C001', 'NJAU_C098', 'NJAU_C099', 'NJAU_C100', 'NJAU_C103', 'NJAU_C128', 'NJAU_C144', 'NJAU_C172', 'NJAU_C201', 'NJAU_C203', 'NJAU_C216']",grain_weight,hap1,GCCTTATCT,20.386,11
11,Glyma.18G238800,"['NJAU_C002', 'NJAU_C003', 'NJAU_C004', 'NJAU_C014', 'NJAU_C015', 'NJAU_C017', 'NJAU_C018', 'NJAU_C023', 'NJAU_C024', 'NJAU_C025', 'NJAU_C028', 'NJAU_C029', 'NJAU_C040', 'NJAU_C045', 'NJAU_C046', 'NJAU_C048', 'NJAU_C052', 'NJAU_C054', 'NJAU_C057', 'NJAU_C058', 'NJAU_C061', 'NJAU_C063', 'NJAU_C065', 'NJAU_C067', 'NJAU_C071', 'NJAU_C073', 'NJAU_C075', 'NJAU_C080', 'NJAU_C083', 'NJAU_C084', 'NJAU_C085', 'NJAU_C086', 'NJAU_C087', 'NJAU_C089', 'NJAU_C092', 'NJAU_C097', 'NJAU_C101', 'NJAU_C102', 'NJAU_C104', 'NJAU_C108', 'NJAU_C109', 'NJAU_C110', 'NJAU_C113', 'NJAU_C114', 'NJAU_C117', 'NJAU_C118', 'NJAU_C121', 'NJAU_C122', 'NJAU_C123', 'NJAU_C138', 'NJAU_C141', 'NJAU_C143', 'NJAU_C146', 'NJAU_C148', 'NJAU_C149', 'NJAU_C152', 'NJAU_C153', 'NJAU_C155', 'NJAU_C156', 'NJAU_C157', 'NJAU_C164', 'NJAU_C165', 'NJAU_C168', 'NJAU_C171', 'NJAU_C176', 'NJAU_C178', 'NJAU_C179', 'NJAU_C180', 'NJAU_C181', 'NJAU_C182', 'NJAU_C183', 'NJAU_C188', 'NJAU_C190', 'NJAU_C191', 'NJAU_C192', 'NJAU_C195', 'NJAU_C197', 'NJAU_C202', 'NJAU_C210', 'NJAU_C217', 'NJAU_C218', 'NJAU_C219']",grain_weight,hap2,AATGCGCTT,15.266,82
12,Glyma.05G119400,"['NJAU_C001', 'NJAU_C002', 'NJAU_C003', 'NJAU_C004', 'NJAU_C005', 'NJAU_C006', 'NJAU_C007', 'NJAU_C008', 'NJAU_C009', 'NJAU_C010', 'NJAU_C011', 'NJAU_C012', 'NJAU_C013', 'NJAU_C014', 'NJAU_C015', 'NJAU_C016', 'NJAU_C017', 'NJAU_C018', 'NJAU_C019', 'NJAU_C020', 'NJAU_C021', 'NJAU_C022', 'NJAU_C023', 'NJAU_C024', 'NJAU_C025', 'NJAU_C026', 'NJAU_C027', 'NJAU_C028', 'NJAU_C029', 'NJAU_C030', 'NJAU_C031', 'NJAU_C032', 'NJAU_C033', 'NJAU_C034', 'NJAU_C035', 'NJAU_C036', 'NJAU_C037', 'NJAU_C038', 'NJAU_C039', 'NJAU_C040', 'NJAU_C041', 'NJAU_C042', 'NJAU_C043', 'NJAU_C044', 'NJAU_C045', 'NJAU_C046', 'NJAU_C048', 'NJAU_C049', 'NJAU_C050', 'NJAU_C051', 'NJAU_C052', 'NJAU_C053', 'NJAU_C054', 'NJAU_C055', 'NJAU_C056', 'NJAU_C057', 'NJAU_C058', 'NJAU_C059', 'NJAU_C060', 'NJAU_C061', 'NJAU_C062', 'NJAU_C063', 'NJAU_C064', 'NJAU_C065', 'NJAU_C066', 'NJAU_C067', 'NJAU_C068', 'NJAU_C069', 'NJAU_C070', 'NJAU_C071', 'NJAU_C072', 'NJAU_C073', 'NJAU_C074', 'NJAU_C075', 'NJAU_C076', 'NJAU_C077', 'NJAU_C078', 'NJAU_C079', 'NJAU_C080', 'NJAU_C081', 'NJAU_C082', 'NJAU_C083', 'NJAU_C084', 'NJAU_C085', 'NJAU_C086', 'NJAU_C087', 'NJAU_C089', 'NJAU_C090', 'NJAU_C091', 'NJAU_C092', 'NJAU_C093', 'NJAU_C094', 'NJAU_C095', 'NJAU_C096', 'NJAU_C097', 'NJAU_C101', 'NJAU_C103', 'NJAU_C104', 'NJAU_C105', 'NJAU_C106', 'NJAU_C108', 'NJAU_C109', 'NJAU_C110', 'NJAU_C111', 'NJAU_C112', 'NJAU_C113', 'NJAU_C114', 'NJAU_C115', 'NJAU_C116', 'NJAU_C117', 'NJAU_C118', 'NJAU_C119', 'NJAU_C120', 'NJAU_C121', 'NJAU_C122', 'NJAU_C123', 'NJAU_C124', 'NJAU_C125', 'NJAU_C126', 'NJAU_C127', 'NJAU_C128', 'NJAU_C129', 'NJAU_C130', 'NJAU_C131', 'NJAU_C132', 'NJAU_C133', 'NJAU_C135', 'NJAU_C138', 'NJAU_C139', 'NJAU_C140', 'NJAU_C141', 'NJAU_C142', 'NJAU_C143', 'NJAU_C144', 'NJAU_C145', 'NJAU_C146', 'NJAU_C147', 'NJAU_C148', 'NJAU_C149', 'NJAU_C150', 'NJAU_C151', 'NJAU_C152', 'NJAU_C153', 'NJAU_C155', 'NJAU_C156', 'NJAU_C157', 'NJAU_C158', 'NJAU_C159', 'NJAU_C160', 'NJAU_C161', 'NJAU_C162', 'NJAU_C163', 'NJAU_C164', 'NJAU_C165', 'NJAU_C167', 'NJAU_C168', 'NJAU_C170', 'NJAU_C171', 'NJAU_C173', 'NJAU_C175', 'NJAU_C176', 'NJAU_C177', 'NJAU_C178', 'NJAU_C179', 'NJAU_C180', 'NJAU_C181', 'NJAU_C182', 'NJAU_C183', 'NJAU_C184', 'NJAU_C185', 'NJAU_C186', 'NJAU_C187', 'NJAU_C188', 'NJAU_C189', 'NJAU_C190', 'NJAU_C191', 'NJAU_C194', 'NJAU_C195', 'NJAU_C196', 'NJAU_C197', 'NJAU_C198', 'NJAU_C199', 'NJAU_C200', 'NJAU_C201', 'NJAU_C202', 'NJAU_C204', 'NJAU_C205', 'NJAU_C206', 'NJAU_C207', 'NJAU_C208', 'NJAU_C212', 'NJAU_C213', 'NJAU_C214', 'NJAU_C215', 'NJAU_C217', 'NJAU_C218', 'NJAU_C219']",grain_weight,hap1,TT,15.65,197
13,Glyma.05G119400,"['NJAU_C098', 'NJAU_C099', 'NJAU_C100', 'NJAU_C134', 'NJAU_C137', 'NJAU_C166', 'NJAU_C172', 'NJAU_C192', 'NJAU_C193', 'NJAU_C203', 'NJAU_C209', 'NJAU_C210', 'NJAU_C211', 'NJAU_C216']",grain_weight,hap3,CG,19.921,14
14,Glyma.04G177800,"['NJAU_C001', 'NJAU_C094', 'NJAU_C098', 'NJAU_C099', 'NJAU_C100', 'NJAU_C128', 'NJAU_C134', 'NJAU_C202', 'NJAU_C203', 'NJAU_C215', 'NJAU_C217']",grain_weight,hap1,TG,20.84,11
15,Glyma.04G177800,"['NJAU_C002', 'NJAU_C003', 'NJAU_C004', 'NJAU_C005', 'NJAU_C006', 'NJAU_C007', 'NJAU_C008', 'NJAU_C009', 'NJAU_C010', 'NJAU_C011', 'NJAU_C012', 'NJAU_C013', 'NJAU_C014', 'NJAU_C015', 'NJAU_C016', 'NJAU_C017', 'NJAU_C018', 'NJAU_C019', 'NJAU_C020', 'NJAU_C021', 'NJAU_C022', 'NJAU_C023', 'NJAU_C024', 'NJAU_C025', 'NJAU_C026', 'NJAU_C027', 'NJAU_C028', 'NJAU_C029', 'NJAU_C030', 'NJAU_C031', 'NJAU_C032', 'NJAU_C033', 'NJAU_C034', 'NJAU_C035', 'NJAU_C036', 'NJAU_C037', 'NJAU_C038', 'NJAU_C040', 'NJAU_C041', 'NJAU_C042', 'NJAU_C043', 'NJAU_C044', 'NJAU_C045', 'NJAU_C046', 'NJAU_C047', 'NJAU_C048', 'NJAU_C049', 'NJAU_C050', 'NJAU_C051', 'NJAU_C053', 'NJAU_C054', 'NJAU_C056', 'NJAU_C057', 'NJAU_C058', 'NJAU_C059', 'NJAU_C060', 'NJAU_C061', 'NJAU_C062', 'NJAU_C063', 'NJAU_C064', 'NJAU_C065', 'NJAU_C066', 'NJAU_C067', 'NJAU_C068', 'NJAU_C069', 'NJAU_C070', 'NJAU_C071', 'NJAU_C072', 'NJAU_C073', 'NJAU_C074', 'NJAU_C075', 'NJAU_C076', 'NJAU_C077', 'NJAU_C078', 'NJAU_C079', 'NJAU_C080', 'NJAU_C081', 'NJAU_C082', 'NJAU_C083', 'NJAU_C084', 'NJAU_C085', 'NJAU_C086', 'NJAU_C087', 'NJAU_C089', 'NJAU_C090', 'NJAU_C091', 'NJAU_C092', 'NJAU_C093', 'NJAU_C095', 'NJAU_C096', 'NJAU_C097', 'NJAU_C101', 'NJAU_C102', 'NJAU_C103', 'NJAU_C104', 'NJAU_C106', 'NJAU_C107', 'NJAU_C108', 'NJAU_C109', 'NJAU_C110', 'NJAU_C111', 'NJAU_C112', 'NJAU_C113', 'NJAU_C116', 'NJAU_C117', 'NJAU_C118', 'NJAU_C119', 'NJAU_C120', 'NJAU_C121', 'NJAU_C122', 'NJAU_C124', 'NJAU_C125', 'NJAU_C126', 'NJAU_C127', 'NJAU_C129', 'NJAU_C130', 'NJAU_C131', 'NJAU_C132', 'NJAU_C133', 'NJAU_C135', 'NJAU_C136', 'NJAU_C137', 'NJAU_C139', 'NJAU_C140', 'NJAU_C141', 'NJAU_C142', 'NJAU_C143', 'NJAU_C144', 'NJAU_C145', 'NJAU_C146', 'NJAU_C147', 'NJAU_C149', 'NJAU_C150', 'NJAU_C151', 'NJAU_C152', 'NJAU_C153', 'NJAU_C154', 'NJAU_C155', 'NJAU_C157', 'NJAU_C158', 'NJAU_C159', 'NJAU_C160', 'NJAU_C161', 'NJAU_C162', 'NJAU_C163', 'NJAU_C164', 'NJAU_C165', 'NJAU_C166', 'NJAU_C167', 'NJAU_C168', 'NJAU_C169', 'NJAU_C170', 'NJAU_C171', 'NJAU_C172', 'NJAU_C174', 'NJAU_C175', 'NJAU_C176', 'NJAU_C177', 'NJAU_C178', 'NJAU_C179', 'NJAU_C180', 'NJAU_C181', 'NJAU_C183', 'NJAU_C184', 'NJAU_C185', 'NJAU_C186', 'NJAU_C187', 'NJAU_C188', 'NJAU_C189', 'NJAU_C190', 'NJAU_C191', 'NJAU_C192', 'NJAU_C194', 'NJAU_C195', 'NJAU_C200', 'NJAU_C201', 'NJAU_C204', 'NJAU_C205', 'NJAU_C206', 'NJAU_C207', 'NJAU_C208', 'NJAU_C209', 'NJAU_C210', 'NJAU_C211', 'NJAU_C212', 'NJAU_C213', 'NJAU_C214', 'NJAU_C216', 'NJAU_C218', 'NJAU_C219']",grain_weight,hap2,CT,15.52,190
16,Glyma.06G004400,"['NJAU_C001', 'NJAU_C002', 'NJAU_C006', 'NJAU_C008', 'NJAU_C012', 'NJAU_C013', 'NJAU_C019', 'NJAU_C020', 'NJAU_C021', 'NJAU_C022', 'NJAU_C024', 'NJAU_C029', 'NJAU_C030', 'NJAU_C032', 'NJAU_C033', 'NJAU_C034', 'NJAU_C036', 'NJAU_C037', 'NJAU_C038', 'NJAU_C039', 'NJAU_C042', 'NJAU_C043', 'NJAU_C045', 'NJAU_C048', 'NJAU_C055', 'NJAU_C058', 'NJAU_C060', 'NJAU_C062', 'NJAU_C066', 'NJAU_C068', 'NJAU_C071', 'NJAU_C074', 'NJAU_C077', 'NJAU_C081', 'NJAU_C082', 'NJAU_C083', 'NJAU_C084', 'NJAU_C091', 'NJAU_C093', 'NJAU_C095', 'NJAU_C096', 'NJAU_C097', 'NJAU_C098', 'NJAU_C099', 'NJAU_C103', 'NJAU_C105', 'NJAU_C110', 'NJAU_C111', 'NJAU_C112', 'NJAU_C115', 'NJAU_C116', 'NJAU_C117', 'NJAU_C119', 'NJAU_C121', 'NJAU_C122', 'NJAU_C127', 'NJAU_C132', 'NJAU_C135', 'NJAU_C136', 'NJAU_C138', 'NJAU_C139', 'NJAU_C142', 'NJAU_C144', 'NJAU_C147', 'NJAU_C150', 'NJAU_C151', 'NJAU_C154', 'NJAU_C157', 'NJAU_C158', 'NJAU_C159', 'NJAU_C161', 'NJAU_C162', 'NJAU_C163', 'NJAU_C166', 'NJAU_C172', 'NJAU_C173', 'NJAU_C176', 'NJAU_C177', 'NJAU_C178', 'NJAU_C180', 'NJAU_C185', 'NJAU_C187', 'NJAU_C189', 'NJAU_C191', 'NJAU_C194', 'NJAU_C197', 'NJAU_C198', 'NJAU_C199', 'NJAU_C200', 'NJAU_C203', 'NJAU_C205', 'NJAU_C211', 'NJAU_C213', 'NJAU_C216', 'NJAU_C219']",grain_weight,hap1,CC,16.252,95
17,Glyma.06G004400,"['NJAU_C003', 'NJAU_C005', 'NJAU_C009', 'NJAU_C016', 'NJAU_C028', 'NJAU_C035', 'NJAU_C053', 'NJAU_C056', 'NJAU_C059', 'NJAU_C078', 'NJAU_C079', 'NJAU_C086', 'NJAU_C087', 'NJAU_C090', 'NJAU_C100', 'NJAU_C101', 'NJAU_C104', 'NJAU_C120', 'NJAU_C126', 'NJAU_C131', 'NJAU_C134', 'NJAU_C137', 'NJAU_C148', 'NJAU_C149', 'NJAU_C156', 'NJAU_C160', 'NJAU_C164', 'NJAU_C167', 'NJAU_C171', 'NJAU_C181', 'NJAU_C183', 'NJAU_C192', 'NJAU_C204', 'NJAU_C210', 'NJAU_C215', 'NJAU_C217', 'NJAU_C218']",grain_weight,hap2,TC,15.483,37
18,Glyma.07G167700,"['NJAU_C001', 'NJAU_C094', 'NJAU_C098', 'NJAU_C099', 'NJAU_C100', 'NJAU_C103', 'NJAU_C126', 'NJAU_C134', 'NJAU_C172', 'NJAU_C193', 'NJAU_C211', 'NJAU_C213', 'NJAU_C216']",grain_weight,hap1,YT,20.098,13
19,Glyma.07G167700,"['NJAU_C003', 'NJAU_C010', 'NJAU_C025', 'NJAU_C026', 'NJAU_C043', 'NJAU_C051', 'NJAU_C070', 'NJAU_C072', 'NJAU_C073', 'NJAU_C074', 'NJAU_C075', 'NJAU_C085', 'NJAU_C086', 'NJAU_C087', 'NJAU_C089', 'NJAU_C092', 'NJAU_C105', 'NJAU_C135', 'NJAU_C165', 'NJAU_C170', 'NJAU_C179', 'NJAU_C205', 'NJAU_C207']",grain_weight,hap3,YW,14.546,23
20,Glyma.05G031100,"['NJAU_C001', 'NJAU_C019', 'NJAU_C021', 'NJAU_C028', 'NJAU_C034', 'NJAU_C035', 'NJAU_C036', 'NJAU_C041', 'NJAU_C045', 'NJAU_C047', 'NJAU_C052', 'NJAU_C056', 'NJAU_C057', 'NJAU_C060', 'NJAU_C062', 'NJAU_C066', 'NJAU_C068', 'NJAU_C072', 'NJAU_C074', 'NJAU_C076', 'NJAU_C079', 'NJAU_C089', 'NJAU_C090', 'NJAU_C092', 'NJAU_C094', 'NJAU_C098', 'NJAU_C099', 'NJAU_C100', 'NJAU_C103', 'NJAU_C118', 'NJAU_C120', 'NJAU_C134', 'NJAU_C146', 'NJAU_C148', 'NJAU_C164', 'NJAU_C166', 'NJAU_C167', 'NJAU_C170', 'NJAU_C172', 'NJAU_C186', 'NJAU_C195', 'NJAU_C196', 'NJAU_C197', 'NJAU_C201', 'NJAU_C203', 'NJAU_C211', 'NJAU_C217', 'NJAU_C218']",grain_weight,hap1,TTCCTTGT,17.786,48
21,Glyma.05G031100,"['NJAU_C002', 'NJAU_C003', 'NJAU_C004', 'NJAU_C006', 'NJAU_C008', 'NJAU_C009', 'NJAU_C010', 'NJAU_C011', 'NJAU_C014', 'NJAU_C015', 'NJAU_C016', 'NJAU_C020', 'NJAU_C022', 'NJAU_C023', 'NJAU_C024', 'NJAU_C025', 'NJAU_C026', 'NJAU_C027', 'NJAU_C029', 'NJAU_C031', 'NJAU_C032', 'NJAU_C033', 'NJAU_C037', 'NJAU_C038', 'NJAU_C039', 'NJAU_C040', 'NJAU_C042', 'NJAU_C043', 'NJAU_C044', 'NJAU_C048', 'NJAU_C049', 'NJAU_C050', 'NJAU_C055', 'NJAU_C058', 'NJAU_C059', 'NJAU_C064', 'NJAU_C070', 'NJAU_C071', 'NJAU_C073', 'NJAU_C075', 'NJAU_C078', 'NJAU_C080', 'NJAU_C081', 'NJAU_C082', 'NJAU_C083', 'NJAU_C084', 'NJAU_C085', 'NJAU_C086', 'NJAU_C087', 'NJAU_C091', 'NJAU_C093', 'NJAU_C095', 'NJAU_C096', 'NJAU_C097', 'NJAU_C105', 'NJAU_C108', 'NJAU_C112', 'NJAU_C113', 'NJAU_C115', 'NJAU_C119', 'NJAU_C121', 'NJAU_C122', 'NJAU_C124', 'NJAU_C125', 'NJAU_C127', 'NJAU_C128', 'NJAU_C129', 'NJAU_C132', 'NJAU_C133', 'NJAU_C135', 'NJAU_C136', 'NJAU_C137', 'NJAU_C138', 'NJAU_C140', 'NJAU_C142', 'NJAU_C144', 'NJAU_C145', 'NJAU_C147', 'NJAU_C150', 'NJAU_C151', 'NJAU_C154', 'NJAU_C156', 'NJAU_C158', 'NJAU_C159', 'NJAU_C160', 'NJAU_C165', 'NJAU_C168', 'NJAU_C171', 'NJAU_C173', 'NJAU_C174', 'NJAU_C175', 'NJAU_C176', 'NJAU_C177', 'NJAU_C178', 'NJAU_C180', 'NJAU_C183', 'NJAU_C184', 'NJAU_C185', 'NJAU_C187', 'NJAU_C189', 'NJAU_C190', 'NJAU_C191', 'NJAU_C194', 'NJAU_C199', 'NJAU_C202', 'NJAU_C204', 'NJAU_C205', 'NJAU_C206', 'NJAU_C207', 'NJAU_C208', 'NJAU_C212', 'NJAU_C215', 'NJAU_C219']",grain_weight,hap2,GCTCCCGT,15.034,113
22,Glyma.06G050600,"['NJAU_C001', 'NJAU_C002', 'NJAU_C006', 'NJAU_C024', 'NJAU_C029', 'NJAU_C034', 'NJAU_C048', 'NJAU_C071', 'NJAU_C091', 'NJAU_C097', 'NJAU_C098', 'NJAU_C099', 'NJAU_C100', 'NJAU_C103', 'NJAU_C105', 'NJAU_C172', 'NJAU_C183', 'NJAU_C198', 'NJAU_C201', 'NJAU_C203']",grain_weight,hap1,C,19.108,20
23,Glyma.06G050600,"['NJAU_C003', 'NJAU_C004', 'NJAU_C005', 'NJAU_C007', 'NJAU_C008', 'NJAU_C009', 'NJAU_C010', 'NJAU_C011', 'NJAU_C012', 'NJAU_C013', 'NJAU_C014', 'NJAU_C015', 'NJAU_C016', 'NJAU_C017', 'NJAU_C018', 'NJAU_C019', 'NJAU_C020', 'NJAU_C021', 'NJAU_C022', 'NJAU_C023', 'NJAU_C025', 'NJAU_C026', 'NJAU_C027', 'NJAU_C028', 'NJAU_C030', 'NJAU_C031', 'NJAU_C032', 'NJAU_C033', 'NJAU_C035', 'NJAU_C036', 'NJAU_C037', 'NJAU_C038', 'NJAU_C039', 'NJAU_C040', 'NJAU_C041', 'NJAU_C042', 'NJAU_C043', 'NJAU_C044', 'NJAU_C045', 'NJAU_C046', 'NJAU_C047', 'NJAU_C049', 'NJAU_C050', 'NJAU_C051', 'NJAU_C052', 'NJAU_C053', 'NJAU_C054', 'NJAU_C055', 'NJAU_C056', 'NJAU_C057', 'NJAU_C058', 'NJAU_C059', 'NJAU_C060', 'NJAU_C061', 'NJAU_C062', 'NJAU_C063', 'NJAU_C064', 'NJAU_C065', 'NJAU_C066', 'NJAU_C067', 'NJAU_C068', 'NJAU_C069', 'NJAU_C070', 'NJAU_C072', 'NJAU_C073', 'NJAU_C074', 'NJAU_C075', 'NJAU_C076', 'NJAU_C077', 'NJAU_C078', 'NJAU_C079', 'NJAU_C080', 'NJAU_C081', 'NJAU_C082', 'NJAU_C083', 'NJAU_C084', 'NJAU_C085', 'NJAU_C086', 'NJAU_C087', 'NJAU_C089', 'NJAU_C090', 'NJAU_C092', 'NJAU_C093', 'NJAU_C094', 'NJAU_C095', 'NJAU_C096', 'NJAU_C101', 'NJAU_C102', 'NJAU_C104', 'NJAU_C106', 'NJAU_C107', 'NJAU_C108', 'NJAU_C109', 'NJAU_C110', 'NJAU_C111', 'NJAU_C112', 'NJAU_C113', 'NJAU_C114', 'NJAU_C115', 'NJAU_C116', 'NJAU_C117', 'NJAU_C118', 'NJAU_C119', 'NJAU_C120', 'NJAU_C121', 'NJAU_C122', 'NJAU_C123', 'NJAU_C124', 'NJAU_C125', 'NJAU_C126', 'NJAU_C127', 'NJAU_C128', 'NJAU_C129', 'NJAU_C130', 'NJAU_C131', 'NJAU_C132', 'NJAU_C133', 'NJAU_C134', 'NJAU_C135', 'NJAU_C136', 'NJAU_C137', 'NJAU_C138', 'NJAU_C139', 'NJAU_C140', 'NJAU_C141', 'NJAU_C142', 'NJAU_C143', 'NJAU_C144', 'NJAU_C145', 'NJAU_C146', 'NJAU_C147', 'NJAU_C148', 'NJAU_C149', 'NJAU_C150', 'NJAU_C151', 'NJAU_C152', 'NJAU_C153', 'NJAU_C154', 'NJAU_C155', 'NJAU_C156', 'NJAU_C157', 'NJAU_C158', 'NJAU_C159', 'NJAU_C160', 'NJAU_C161', 'NJAU_C162', 'NJAU_C163', 'NJAU_C164', 'NJAU_C165', 'NJAU_C166', 'NJAU_C167', 'NJAU_C168', 'NJAU_C169', 'NJAU_C170', 'NJAU_C171', 'NJAU_C173', 'NJAU_C174', 'NJAU_C175', 'NJAU_C176', 'NJAU_C177', 'NJAU_C178', 'NJAU_C179', 'NJAU_C180', 'NJAU_C181', 'NJAU_C182', 'NJAU_C184', 'NJAU_C185', 'NJAU_C186', 'NJAU_C187', 'NJAU_C188', 'NJAU_C189', 'NJAU_C190', 'NJAU_C191', 'NJAU_C192', 'NJAU_C193', 'NJAU_C194', 'NJAU_C195', 'NJAU_C196', 'NJAU_C197', 'NJAU_C199', 'NJAU_C200', 'NJAU_C202', 'NJAU_C204', 'NJAU_C205', 'NJAU_C206', 'NJAU_C207', 'NJAU_C208', 'NJAU_C209', 'NJAU_C210', 'NJAU_C211', 'NJAU_C212', 'NJAU_C213', 'NJAU_C214', 'NJAU_C215', 'NJAU_C216', 'NJAU_C217', 'NJAU_C218', 'NJAU_C219']",grain_weight,hap2,G,15.555,198
24,Glyma.04G164200,"['NJAU_C001', 'NJAU_C002', 'NJAU_C003', 'NJAU_C004', 'NJAU_C005', 'NJAU_C006', 'NJAU_C007', 'NJAU_C008', 'NJAU_C010', 'NJAU_C011', 'NJAU_C012', 'NJAU_C013', 'NJAU_C014', 'NJAU_C015', 'NJAU_C016', 'NJAU_C018', 'NJAU_C019', 'NJAU_C020', 'NJAU_C021', 'NJAU_C022', 'NJAU_C023', 'NJAU_C024', 'NJAU_C025', 'NJAU_C026', 'NJAU_C028', 'NJAU_C029', 'NJAU_C030', 'NJAU_C031', 'NJAU_C032', 'NJAU_C033', 'NJAU_C034', 'NJAU_C035', 'NJAU_C036', 'NJAU_C037', 'NJAU_C038', 'NJAU_C039', 'NJAU_C041', 'NJAU_C042', 'NJAU_C043', 'NJAU_C044', 'NJAU_C045', 'NJAU_C048', 'NJAU_C049', 'NJAU_C050', 'NJAU_C052', 'NJAU_C053', 'NJAU_C054', 'NJAU_C055', 'NJAU_C058', 'NJAU_C060', 'NJAU_C062', 'NJAU_C064', 'NJAU_C066', 'NJAU_C068', 'NJAU_C069', 'NJAU_C070', 'NJAU_C071', 'NJAU_C073', 'NJAU_C074', 'NJAU_C075', 'NJAU_C076', 'NJAU_C077', 'NJAU_C078', 'NJAU_C079', 'NJAU_C080', 'NJAU_C081', 'NJAU_C083', 'NJAU_C084', 'NJAU_C085', 'NJAU_C086', 'NJAU_C087', 'NJAU_C089', 'NJAU_C090', 'NJAU_C091', 'NJAU_C092', 'NJAU_C093', 'NJAU_C097', 'NJAU_C098', 'NJAU_C099', 'NJAU_C101', 'NJAU_C102', 'NJAU_C103', 'NJAU_C104', 'NJAU_C105', 'NJAU_C106', 'NJAU_C108', 'NJAU_C109', 'NJAU_C110', 'NJAU_C111', 'NJAU_C112', 'NJAU_C113', 'NJAU_C115', 'NJAU_C119', 'NJAU_C121', 'NJAU_C122', 'NJAU_C126', 'NJAU_C129', 'NJAU_C130', 'NJAU_C135', 'NJAU_C136', 'NJAU_C138', 'NJAU_C140', 'NJAU_C142', 'NJAU_C144', 'NJAU_C147', 'NJAU_C149', 'NJAU_C150', 'NJAU_C151', 'NJAU_C159', 'NJAU_C160', 'NJAU_C161', 'NJAU_C162', 'NJAU_C163', 'NJAU_C164', 'NJAU_C165', 'NJAU_C168', 'NJAU_C169', 'NJAU_C172', 'NJAU_C173', 'NJAU_C175', 'NJAU_C176', 'NJAU_C177', 'NJAU_C180', 'NJAU_C183', 'NJAU_C184', 'NJAU_C185', 'NJAU_C186', 'NJAU_C187', 'NJAU_C189', 'NJAU_C190', 'NJAU_C191', 'NJAU_C192', 'NJAU_C195', 'NJAU_C197', 'NJAU_C198', 'NJAU_C199', 'NJAU_C200', 'NJAU_C201', 'NJAU_C202', 'NJAU_C204', 'NJAU_C205', 'NJAU_C206', 'NJAU_C208', 'NJAU_C209', 'NJAU_C210', 'NJAU_C211', 'NJAU_C212', 'NJAU_C213', 'NJAU_C214', 'NJAU_C215', 'NJAU_C216', 'NJAU_C218', 'NJAU_C219']",grain_weight,hap1,ATA,15.375,153
25,Glyma.04G164200,"['NJAU_C057', 'NJAU_C094', 'NJAU_C095', 'NJAU_C100', 'NJAU_C128', 'NJAU_C132', 'NJAU_C133', 'NJAU_C134', 'NJAU_C139', 'NJAU_C155', 'NJAU_C158', 'NJAU_C166', 'NJAU_C203', 'NJAU_C207']",grain_weight,hap3,TTA,20.541,14
26,Glyma.05G038700,"['NJAU_C001', 'NJAU_C030', 'NJAU_C045', 'NJAU_C090', 'NJAU_C094', 'NJAU_C098', 'NJAU_C099', 'NJAU_C103', 'NJAU_C133', 'NJAU_C164', 'NJAU_C166', 'NJAU_C172', 'NJAU_C186', 'NJAU_C188', 'NJAU_C195', 'NJAU_C200', 'NJAU_C203', 'NJAU_C210', 'NJAU_C216']",grain_weight,hap1,CTG,19.223,19
27,Glyma.05G038700,"['NJAU_C002', 'NJAU_C003', 'NJAU_C004', 'NJAU_C005', 'NJAU_C006', 'NJAU_C007', 'NJAU_C008', 'NJAU_C009', 'NJAU_C010', 'NJAU_C011', 'NJAU_C012', 'NJAU_C013', 'NJAU_C014', 'NJAU_C015', 'NJAU_C016', 'NJAU_C017', 'NJAU_C018', 'NJAU_C019', 'NJAU_C020', 'NJAU_C021', 'NJAU_C022', 'NJAU_C023', 'NJAU_C024', 'NJAU_C025', 'NJAU_C026', 'NJAU_C027', 'NJAU_C028', 'NJAU_C029', 'NJAU_C031', 'NJAU_C032', 'NJAU_C033', 'NJAU_C034', 'NJAU_C035', 'NJAU_C036', 'NJAU_C037', 'NJAU_C038', 'NJAU_C039', 'NJAU_C040', 'NJAU_C041', 'NJAU_C042', 'NJAU_C043', 'NJAU_C044', 'NJAU_C048', 'NJAU_C049', 'NJAU_C050', 'NJAU_C051', 'NJAU_C052', 'NJAU_C053', 'NJAU_C054', 'NJAU_C055', 'NJAU_C056', 'NJAU_C057', 'NJAU_C058', 'NJAU_C059', 'NJAU_C060', 'NJAU_C062', 'NJAU_C066', 'NJAU_C068', 'NJAU_C069', 'NJAU_C070', 'NJAU_C071', 'NJAU_C072', 'NJAU_C073', 'NJAU_C074', 'NJAU_C075', 'NJAU_C076', 'NJAU_C077', 'NJAU_C078', 'NJAU_C079', 'NJAU_C080', 'NJAU_C081', 'NJAU_C082', 'NJAU_C083', 'NJAU_C084', 'NJAU_C085', 'NJAU_C086', 'NJAU_C087', 'NJAU_C089', 'NJAU_C091', 'NJAU_C092', 'NJAU_C093', 'NJAU_C095', 'NJAU_C096', 'NJAU_C097', 'NJAU_C100', 'NJAU_C101', 'NJAU_C104', 'NJAU_C105', 'NJAU_C108', 'NJAU_C109', 'NJAU_C110', 'NJAU_C111', 'NJAU_C112', 'NJAU_C113', 'NJAU_C115', 'NJAU_C116', 'NJAU_C117', 'NJAU_C118', 'NJAU_C119', 'NJAU_C120', 'NJAU_C121', 'NJAU_C122', 'NJAU_C124', 'NJAU_C125', 'NJAU_C126', 'NJAU_C127', 'NJAU_C128', 'NJAU_C129', 'NJAU_C130', 'NJAU_C132', 'NJAU_C134', 'NJAU_C135', 'NJAU_C136', 'NJAU_C137', 'NJAU_C138', 'NJAU_C139', 'NJAU_C140', 'NJAU_C141', 'NJAU_C142', 'NJAU_C144', 'NJAU_C145', 'NJAU_C146', 'NJAU_C147', 'NJAU_C148', 'NJAU_C149', 'NJAU_C150', 'NJAU_C151', 'NJAU_C153', 'NJAU_C154', 'NJAU_C155', 'NJAU_C156', 'NJAU_C157', 'NJAU_C158', 'NJAU_C159', 'NJAU_C160', 'NJAU_C161', 'NJAU_C162', 'NJAU_C163', 'NJAU_C165', 'NJAU_C168', 'NJAU_C170', 'NJAU_C171', 'NJAU_C173', 'NJAU_C174', 'NJAU_C175', 'NJAU_C176', 'NJAU_C178', 'NJAU_C179', 'NJAU_C180', 'NJAU_C181', 'NJAU_C183', 'NJAU_C184', 'NJAU_C185', 'NJAU_C187', 'NJAU_C189', 'NJAU_C190', 'NJAU_C191', 'NJAU_C192', 'NJAU_C193', 'NJAU_C194', 'NJAU_C196', 'NJAU_C197', 'NJAU_C198', 'NJAU_C199', 'NJAU_C201', 'NJAU_C202', 'NJAU_C204', 'NJAU_C205', 'NJAU_C206', 'NJAU_C207', 'NJAU_C208', 'NJAU_C212', 'NJAU_C213', 'NJAU_C214', 'NJAU_C215', 'NJAU_C217', 'NJAU_C219']",grain_weight,hap2,CTC,15.44,177
28,Glyma.08G338600,"['NJAU_C003', 'NJAU_C005', 'NJAU_C006', 'NJAU_C011', 'NJAU_C014', 'NJAU_C015', 'NJAU_C016', 'NJAU_C020', 'NJAU_C021', 'NJAU_C023', 'NJAU_C025', 'NJAU_C026', 'NJAU_C028', 'NJAU_C031', 'NJAU_C033', 'NJAU_C034', 'NJAU_C035', 'NJAU_C039', 'NJAU_C041', 'NJAU_C042', 'NJAU_C044', 'NJAU_C051', 'NJAU_C055', 'NJAU_C056', 'NJAU_C057', 'NJAU_C059', 'NJAU_C062', 'NJAU_C064', 'NJAU_C066', 'NJAU_C073', 'NJAU_C075', 'NJAU_C078', 'NJAU_C079', 'NJAU_C080', 'NJAU_C082', 'NJAU_C085', 'NJAU_C086', 'NJAU_C087', 'NJAU_C089', 'NJAU_C091', 'NJAU_C092', 'NJAU_C096', 'NJAU_C106', 'NJAU_C119', 'NJAU_C135', 'NJAU_C144', 'NJAU_C151', 'NJAU_C156', 'NJAU_C160', 'NJAU_C162', 'NJAU_C165', 'NJAU_C178', 'NJAU_C184', 'NJAU_C186', 'NJAU_C189', 'NJAU_C191', 'NJAU_C195', 'NJAU_C204', 'NJAU_C205', 'NJAU_C206', 'NJAU_C207', 'NJAU_C217', 'NJAU_C218', 'NJAU_C219']",grain_weight,hap2,ACGT,15.142,64
29,Glyma.08G338600,"['NJAU_C009', 'NJAU_C012', 'NJAU_C043', 'NJAU_C060', 'NJAU_C070', 'NJAU_C077', 'NJAU_C083', 'NJAU_C094', 'NJAU_C100', 'NJAU_C116', 'NJAU_C128', 'NJAU_C134', 'NJAU_C139', 'NJAU_C166', 'NJAU_C172', 'NJAU_C177', 'NJAU_C181', 'NJAU_C198', 'NJAU_C199', 'NJAU_C202', 'NJAU_C203', 'NJAU_C210', 'NJAU_C214', 'NJAU_C216']",grain_weight,hap3,ACTT,18.681,24
30,Glyma.06G127400,"['NJAU_C001', 'NJAU_C002', 'NJAU_C003', 'NJAU_C004', 'NJAU_C006', 'NJAU_C007', 'NJAU_C008', 'NJAU_C009', 'NJAU_C010', 'NJAU_C011', 'NJAU_C012', 'NJAU_C013', 'NJAU_C014', 'NJAU_C015', 'NJAU_C016', 'NJAU_C017', 'NJAU_C018', 'NJAU_C019', 'NJAU_C020', 'NJAU_C021', 'NJAU_C022', 'NJAU_C023', 'NJAU_C024', 'NJAU_C025', 'NJAU_C026', 'NJAU_C027', 'NJAU_C028', 'NJAU_C029', 'NJAU_C030', 'NJAU_C031', 'NJAU_C032', 'NJAU_C033', 'NJAU_C034', 'NJAU_C035', 'NJAU_C036', 'NJAU_C037', 'NJAU_C038', 'NJAU_C039', 'NJAU_C040', 'NJAU_C041', 'NJAU_C042', 'NJAU_C043', 'NJAU_C044', 'NJAU_C045', 'NJAU_C046', 'NJAU_C047', 'NJAU_C048', 'NJAU_C049', 'NJAU_C050', 'NJAU_C051', 'NJAU_C052', 'NJAU_C053', 'NJAU_C054', 'NJAU_C055', 'NJAU_C056', 'NJAU_C057', 'NJAU_C058', 'NJAU_C059', 'NJAU_C060', 'NJAU_C061', 'NJAU_C062', 'NJAU_C063', 'NJAU_C065', 'NJAU_C066', 'NJAU_C067', 'NJAU_C068', 'NJAU_C069', 'NJAU_C070', 'NJAU_C071', 'NJAU_C072', 'NJAU_C073', 'NJAU_C074', 'NJAU_C075', 'NJAU_C076', 'NJAU_C077', 'NJAU_C078', 'NJAU_C079', 'NJAU_C080', 'NJAU_C081', 'NJAU_C082', 'NJAU_C083', 'NJAU_C084', 'NJAU_C085', 'NJAU_C086', 'NJAU_C087', 'NJAU_C089', 'NJAU_C090', 'NJAU_C091', 'NJAU_C092', 'NJAU_C093', 'NJAU_C094', 'NJAU_C095', 'NJAU_C096', 'NJAU_C097', 'NJAU_C101', 'NJAU_C102', 'NJAU_C103', 'NJAU_C104', 'NJAU_C105', 'NJAU_C106', 'NJAU_C107', 'NJAU_C108', 'NJAU_C109', 'NJAU_C110', 'NJAU_C111', 'NJAU_C112', 'NJAU_C113', 'NJAU_C114', 'NJAU_C115', 'NJAU_C116', 'NJAU_C117', 'NJAU_C118', 'NJAU_C119', 'NJAU_C120', 'NJAU_C121', 'NJAU_C122', 'NJAU_C123', 'NJAU_C124', 'NJAU_C125', 'NJAU_C126', 'NJAU_C127', 'NJAU_C128', 'NJAU_C129', 'NJAU_C130', 'NJAU_C131', 'NJAU_C134', 'NJAU_C136', 'NJAU_C137', 'NJAU_C140', 'NJAU_C141', 'NJAU_C142', 'NJAU_C143', 'NJAU_C144', 'NJAU_C145', 'NJAU_C146', 'NJAU_C147', 'NJAU_C148', 'NJAU_C149', 'NJAU_C150', 'NJAU_C151', 'NJAU_C152', 'NJAU_C153', 'NJAU_C154', 'NJAU_C155', 'NJAU_C156', 'NJAU_C157', 'NJAU_C158', 'NJAU_C159', 'NJAU_C160', 'NJAU_C161', 'NJAU_C164', 'NJAU_C165', 'NJAU_C166', 'NJAU_C167', 'NJAU_C168', 'NJAU_C169', 'NJAU_C170', 'NJAU_C171', 'NJAU_C173', 'NJAU_C174', 'NJAU_C175', 'NJAU_C176', 'NJAU_C177', 'NJAU_C178', 'NJAU_C179', 'NJAU_C180', 'NJAU_C181', 'NJAU_C182', 'NJAU_C183', 'NJAU_C184', 'NJAU_C185', 'NJAU_C186', 'NJAU_C187', 'NJAU_C188', 'NJAU_C190', 'NJAU_C191', 'NJAU_C192', 'NJAU_C193', 'NJAU_C194', 'NJAU_C195', 'NJAU_C196', 'NJAU_C198', 'NJAU_C199', 'NJAU_C201', 'NJAU_C202', 'NJAU_C203', 'NJAU_C204', 'NJAU_C205', 'NJAU_C206', 'NJAU_C207', 'NJAU_C208', 'NJAU_C209', 'NJAU_C210', 'NJAU_C212', 'NJAU_C213', 'NJAU_C214', 'NJAU_C215', 'NJAU_C216', 'NJAU_C218', 'NJAU_C219']",grain_weight,hap1,G,15.61,200
31,Glyma.06G127400,"['NJAU_C005', 'NJAU_C064', 'NJAU_C098', 'NJAU_C099', 'NJAU_C100', 'NJAU_C132', 'NJAU_C133', 'NJAU_C135', 'NJAU_C138', 'NJAU_C139', 'NJAU_C162', 'NJAU_C172', 'NJAU_C189', 'NJAU_C197', 'NJAU_C200', 'NJAU_C211', 'NJAU_C217']",grain_weight,hap2,C,19.045,17
32,Glyma.06G050800,"['NJAU_C001', 'NJAU_C002', 'NJAU_C006', 'NJAU_C024', 'NJAU_C029', 'NJAU_C034', 'NJAU_C048', 'NJAU_C071', 'NJAU_C097', 'NJAU_C098', 'NJAU_C099', 'NJAU_C100', 'NJAU_C103', 'NJAU_C105', 'NJAU_C172', 'NJAU_C183', 'NJAU_C198', 'NJAU_C203']",grain_weight,hap1,GTGG,19.414,18
33,Glyma.06G050800,"['NJAU_C003', 'NJAU_C004', 'NJAU_C005', 'NJAU_C007', 'NJAU_C008', 'NJAU_C009', 'NJAU_C010', 'NJAU_C011', 'NJAU_C012', 'NJAU_C013', 'NJAU_C014', 'NJAU_C015', 'NJAU_C016', 'NJAU_C017', 'NJAU_C018', 'NJAU_C019', 'NJAU_C020', 'NJAU_C021', 'NJAU_C022', 'NJAU_C023', 'NJAU_C025', 'NJAU_C026', 'NJAU_C027', 'NJAU_C028', 'NJAU_C030', 'NJAU_C031', 'NJAU_C032', 'NJAU_C033', 'NJAU_C035', 'NJAU_C036', 'NJAU_C037', 'NJAU_C038', 'NJAU_C039', 'NJAU_C040', 'NJAU_C041', 'NJAU_C042', 'NJAU_C043', 'NJAU_C044', 'NJAU_C045', 'NJAU_C046', 'NJAU_C047', 'NJAU_C049', 'NJAU_C050', 'NJAU_C051', 'NJAU_C052', 'NJAU_C053', 'NJAU_C054', 'NJAU_C055', 'NJAU_C056', 'NJAU_C057', 'NJAU_C058', 'NJAU_C059', 'NJAU_C060', 'NJAU_C061', 'NJAU_C062', 'NJAU_C063', 'NJAU_C064', 'NJAU_C065', 'NJAU_C066', 'NJAU_C067', 'NJAU_C068', 'NJAU_C069', 'NJAU_C070', 'NJAU_C072', 'NJAU_C073', 'NJAU_C074', 'NJAU_C075', 'NJAU_C076', 'NJAU_C077', 'NJAU_C078', 'NJAU_C079', 'NJAU_C080', 'NJAU_C081', 'NJAU_C082', 'NJAU_C083', 'NJAU_C084', 'NJAU_C085', 'NJAU_C086', 'NJAU_C087', 'NJAU_C089', 'NJAU_C090', 'NJAU_C092', 'NJAU_C093', 'NJAU_C094', 'NJAU_C095', 'NJAU_C096', 'NJAU_C101', 'NJAU_C102', 'NJAU_C104', 'NJAU_C106', 'NJAU_C107', 'NJAU_C108', 'NJAU_C109', 'NJAU_C110', 'NJAU_C111', 'NJAU_C112', 'NJAU_C113', 'NJAU_C114', 'NJAU_C115', 'NJAU_C116', 'NJAU_C117', 'NJAU_C118', 'NJAU_C119', 'NJAU_C120', 'NJAU_C121', 'NJAU_C122', 'NJAU_C123', 'NJAU_C124', 'NJAU_C125', 'NJAU_C126', 'NJAU_C127', 'NJAU_C128', 'NJAU_C129', 'NJAU_C130', 'NJAU_C131', 'NJAU_C132', 'NJAU_C133', 'NJAU_C134', 'NJAU_C135', 'NJAU_C136', 'NJAU_C137', 'NJAU_C138', 'NJAU_C139', 'NJAU_C140', 'NJAU_C141', 'NJAU_C142', 'NJAU_C143', 'NJAU_C144', 'NJAU_C145', 'NJAU_C146', 'NJAU_C147', 'NJAU_C148', 'NJAU_C149', 'NJAU_C150', 'NJAU_C151', 'NJAU_C152', 'NJAU_C153', 'NJAU_C154', 'NJAU_C155', 'NJAU_C156', 'NJAU_C157', 'NJAU_C158', 'NJAU_C159', 'NJAU_C160', 'NJAU_C161', 'NJAU_C162', 'NJAU_C163', 'NJAU_C164', 'NJAU_C165', 'NJAU_C166', 'NJAU_C167', 'NJAU_C168', 'NJAU_C169', 'NJAU_C170', 'NJAU_C171', 'NJAU_C173', 'NJAU_C174', 'NJAU_C175', 'NJAU_C176', 'NJAU_C177', 'NJAU_C178', 'NJAU_C179', 'NJAU_C180', 'NJAU_C181', 'NJAU_C182', 'NJAU_C184', 'NJAU_C185', 'NJAU_C186', 'NJAU_C187', 'NJAU_C188', 'NJAU_C189', 'NJAU_C190', 'NJAU_C191', 'NJAU_C192', 'NJAU_C193', 'NJAU_C194', 'NJAU_C195', 'NJAU_C196', 'NJAU_C197', 'NJAU_C199', 'NJAU_C200', 'NJAU_C202', 'NJAU_C204', 'NJAU_C205', 'NJAU_C206', 'NJAU_C207', 'NJAU_C208', 'NJAU_C209', 'NJAU_C210', 'NJAU_C211', 'NJAU_C212', 'NJAU_C213', 'NJAU_C214', 'NJAU_C215', 'NJAU_C216', 'NJAU_C217', 'NJAU_C218', 'NJAU_C219']",grain_weight,hap2,ACCA,15.555,198
34,Glyma.05G039900,"['NJAU_C001', 'NJAU_C030', 'NJAU_C045', 'NJAU_C069', 'NJAU_C094', 'NJAU_C098', 'NJAU_C099', 'NJAU_C100', 'NJAU_C103', 'NJAU_C133', 'NJAU_C166', 'NJAU_C172', 'NJAU_C186', 'NJAU_C188', 'NJAU_C195', 'NJAU_C200', 'NJAU_C201', 'NJAU_C210', 'NJAU_C211', 'NJAU_C216']",grain_weight,hap1,CTAAG,19.041,20
35,Glyma.05G039900,"['NJAU_C002', 'NJAU_C003', 'NJAU_C004', 'NJAU_C005', 'NJAU_C006', 'NJAU_C007', 'NJAU_C008', 'NJAU_C009', 'NJAU_C010', 'NJAU_C011', 'NJAU_C012', 'NJAU_C013', 'NJAU_C014', 'NJAU_C015', 'NJAU_C016', 'NJAU_C017', 'NJAU_C018', 'NJAU_C019', 'NJAU_C020', 'NJAU_C021', 'NJAU_C022', 'NJAU_C024', 'NJAU_C025', 'NJAU_C026', 'NJAU_C027', 'NJAU_C028', 'NJAU_C029', 'NJAU_C031', 'NJAU_C032', 'NJAU_C033', 'NJAU_C034', 'NJAU_C035', 'NJAU_C036', 'NJAU_C037', 'NJAU_C038', 'NJAU_C039', 'NJAU_C040', 'NJAU_C041', 'NJAU_C042', 'NJAU_C043', 'NJAU_C044', 'NJAU_C046', 'NJAU_C048', 'NJAU_C049', 'NJAU_C050', 'NJAU_C051', 'NJAU_C052', 'NJAU_C054', 'NJAU_C055', 'NJAU_C056', 'NJAU_C057', 'NJAU_C058', 'NJAU_C059', 'NJAU_C060', 'NJAU_C061', 'NJAU_C062', 'NJAU_C063', 'NJAU_C064', 'NJAU_C065', 'NJAU_C066', 'NJAU_C067', 'NJAU_C068', 'NJAU_C070', 'NJAU_C071', 'NJAU_C072', 'NJAU_C073', 'NJAU_C074', 'NJAU_C075', 'NJAU_C076', 'NJAU_C077', 'NJAU_C078', 'NJAU_C079', 'NJAU_C080', 'NJAU_C081', 'NJAU_C082', 'NJAU_C083', 'NJAU_C084', 'NJAU_C085', 'NJAU_C086', 'NJAU_C087', 'NJAU_C089', 'NJAU_C090', 'NJAU_C091', 'NJAU_C092', 'NJAU_C093', 'NJAU_C096', 'NJAU_C097', 'NJAU_C101', 'NJAU_C104', 'NJAU_C105', 'NJAU_C106', 'NJAU_C108', 'NJAU_C110', 'NJAU_C112', 'NJAU_C113', 'NJAU_C114', 'NJAU_C115', 'NJAU_C116', 'NJAU_C117', 'NJAU_C118', 'NJAU_C119', 'NJAU_C120', 'NJAU_C121', 'NJAU_C122', 'NJAU_C123', 'NJAU_C125', 'NJAU_C127', 'NJAU_C128', 'NJAU_C129', 'NJAU_C130', 'NJAU_C131', 'NJAU_C132', 'NJAU_C135', 'NJAU_C136', 'NJAU_C137', 'NJAU_C138', 'NJAU_C139', 'NJAU_C140', 'NJAU_C141', 'NJAU_C142', 'NJAU_C143', 'NJAU_C144', 'NJAU_C145', 'NJAU_C147', 'NJAU_C148', 'NJAU_C149', 'NJAU_C150', 'NJAU_C151', 'NJAU_C152', 'NJAU_C155', 'NJAU_C156', 'NJAU_C157', 'NJAU_C158', 'NJAU_C159', 'NJAU_C160', 'NJAU_C161', 'NJAU_C162', 'NJAU_C163', 'NJAU_C164', 'NJAU_C165', 'NJAU_C167', 'NJAU_C168', 'NJAU_C170', 'NJAU_C171', 'NJAU_C173', 'NJAU_C174', 'NJAU_C175', 'NJAU_C176', 'NJAU_C177', 'NJAU_C178', 'NJAU_C180', 'NJAU_C181', 'NJAU_C182', 'NJAU_C184', 'NJAU_C185', 'NJAU_C187', 'NJAU_C189', 'NJAU_C190', 'NJAU_C191', 'NJAU_C193', 'NJAU_C194', 'NJAU_C196', 'NJAU_C197', 'NJAU_C198', 'NJAU_C199', 'NJAU_C202', 'NJAU_C203', 'NJAU_C204', 'NJAU_C205', 'NJAU_C206', 'NJAU_C207', 'NJAU_C208', 'NJAU_C209', 'NJAU_C212', 'NJAU_C213', 'NJAU_C214', 'NJAU_C215', 'NJAU_C217', 'NJAU_C218', 'NJAU_C219']",grain_weight,hap2,TCGCA,15.555,180
36,Glyma.06G050900,"['NJAU_C001', 'NJAU_C002', 'NJAU_C006', 'NJAU_C024', 'NJAU_C029', 'NJAU_C034', 'NJAU_C048', 'NJAU_C071', 'NJAU_C091', 'NJAU_C097', 'NJAU_C098', 'NJAU_C099', 'NJAU_C100', 'NJAU_C103', 'NJAU_C105', 'NJAU_C172', 'NJAU_C198', 'NJAU_C201', 'NJAU_C203']",grain_weight,hap1,CC,19.304,19
37,Glyma.06G050900,"['NJAU_C003', 'NJAU_C004', 'NJAU_C005', 'NJAU_C007', 'NJAU_C008', 'NJAU_C009', 'NJAU_C010', 'NJAU_C011', 'NJAU_C012', 'NJAU_C013', 'NJAU_C014', 'NJAU_C015', 'NJAU_C016', 'NJAU_C017', 'NJAU_C018', 'NJAU_C019', 'NJAU_C020', 'NJAU_C021', 'NJAU_C022', 'NJAU_C023', 'NJAU_C025', 'NJAU_C026', 'NJAU_C027', 'NJAU_C028', 'NJAU_C030', 'NJAU_C031', 'NJAU_C032', 'NJAU_C033', 'NJAU_C035', 'NJAU_C036', 'NJAU_C037', 'NJAU_C038', 'NJAU_C039', 'NJAU_C040', 'NJAU_C041', 'NJAU_C042', 'NJAU_C043', 'NJAU_C044', 'NJAU_C045', 'NJAU_C046', 'NJAU_C047', 'NJAU_C049', 'NJAU_C050', 'NJAU_C051', 'NJAU_C052', 'NJAU_C053', 'NJAU_C054', 'NJAU_C055', 'NJAU_C056', 'NJAU_C057', 'NJAU_C058', 'NJAU_C059', 'NJAU_C060', 'NJAU_C061', 'NJAU_C062', 'NJAU_C064', 'NJAU_C065', 'NJAU_C066', 'NJAU_C067', 'NJAU_C068', 'NJAU_C069', 'NJAU_C070', 'NJAU_C072', 'NJAU_C073', 'NJAU_C074', 'NJAU_C075', 'NJAU_C076', 'NJAU_C077', 'NJAU_C078', 'NJAU_C079', 'NJAU_C080', 'NJAU_C081', 'NJAU_C082', 'NJAU_C083', 'NJAU_C084', 'NJAU_C085', 'NJAU_C086', 'NJAU_C087', 'NJAU_C089', 'NJAU_C090', 'NJAU_C092', 'NJAU_C093', 'NJAU_C094', 'NJAU_C095', 'NJAU_C096', 'NJAU_C101', 'NJAU_C102', 'NJAU_C104', 'NJAU_C106', 'NJAU_C107', 'NJAU_C108', 'NJAU_C109', 'NJAU_C110', 'NJAU_C111', 'NJAU_C112', 'NJAU_C113', 'NJAU_C114', 'NJAU_C115', 'NJAU_C116', 'NJAU_C117', 'NJAU_C118', 'NJAU_C119', 'NJAU_C120', 'NJAU_C121', 'NJAU_C122', 'NJAU_C123', 'NJAU_C124', 'NJAU_C125', 'NJAU_C127', 'NJAU_C128', 'NJAU_C129', 'NJAU_C130', 'NJAU_C131', 'NJAU_C132', 'NJAU_C133', 'NJAU_C134', 'NJAU_C135', 'NJAU_C136', 'NJAU_C137', 'NJAU_C138', 'NJAU_C139', 'NJAU_C140', 'NJAU_C141', 'NJAU_C142', 'NJAU_C143', 'NJAU_C144', 'NJAU_C145', 'NJAU_C146', 'NJAU_C147', 'NJAU_C148', 'NJAU_C149', 'NJAU_C150', 'NJAU_C151', 'NJAU_C152', 'NJAU_C153', 'NJAU_C154', 'NJAU_C155', 'NJAU_C156', 'NJAU_C157', 'NJAU_C158', 'NJAU_C159', 'NJAU_C160', 'NJAU_C161', 'NJAU_C162', 'NJAU_C163', 'NJAU_C164', 'NJAU_C165', 'NJAU_C166', 'NJAU_C167', 'NJAU_C168', 'NJAU_C169', 'NJAU_C170', 'NJAU_C171', 'NJAU_C173', 'NJAU_C174', 'NJAU_C175', 'NJAU_C176', 'NJAU_C177', 'NJAU_C178', 'NJAU_C179', 'NJAU_C180', 'NJAU_C181', 'NJAU_C182', 'NJAU_C184', 'NJAU_C185', 'NJAU_C186', 'NJAU_C187', 'NJAU_C188', 'NJAU_C189', 'NJAU_C190', 'NJAU_C191', 'NJAU_C192', 'NJAU_C193', 'NJAU_C194', 'NJAU_C195', 'NJAU_C196', 'NJAU_C197', 'NJAU_C199', 'NJAU_C200', 'NJAU_C202', 'NJAU_C204', 'NJAU_C205', 'NJAU_C206', 'NJAU_C207', 'NJAU_C208', 'NJAU_C209', 'NJAU_C210', 'NJAU_C211', 'NJAU_C212', 'NJAU_C213', 'NJAU_C214', 'NJAU_C215', 'NJAU_C216', 'NJAU_C217', 'NJAU_C218', 'NJAU_C219']",grain_weight,hap2,TT,15.51,196
38,Glyma.08G228000,"['NJAU_C001', 'NJAU_C094', 'NJAU_C098', 'NJAU_C099', 'NJAU_C100', 'NJAU_C103', 'NJAU_C134', 'NJAU_C172', 'NJAU_C211', 'NJAU_C213', 'NJAU_C216']",grain_weight,hap1,A,20.153,11
39,Glyma.08G228000,"['NJAU_C002', 'NJAU_C003', 'NJAU_C004', 'NJAU_C005', 'NJAU_C006', 'NJAU_C007', 'NJAU_C008', 'NJAU_C009', 'NJAU_C010', 'NJAU_C011', 'NJAU_C012', 'NJAU_C013', 'NJAU_C014', 'NJAU_C015', 'NJAU_C016', 'NJAU_C017', 'NJAU_C018', 'NJAU_C019', 'NJAU_C020', 'NJAU_C021', 'NJAU_C022', 'NJAU_C023', 'NJAU_C024', 'NJAU_C025', 'NJAU_C026', 'NJAU_C027', 'NJAU_C028', 'NJAU_C029', 'NJAU_C030', 'NJAU_C031', 'NJAU_C032', 'NJAU_C033', 'NJAU_C034', 'NJAU_C035', 'NJAU_C036', 'NJAU_C037', 'NJAU_C038', 'NJAU_C039', 'NJAU_C040', 'NJAU_C041', 'NJAU_C042', 'NJAU_C043', 'NJAU_C044', 'NJAU_C045', 'NJAU_C046', 'NJAU_C047', 'NJAU_C048', 'NJAU_C049', 'NJAU_C050', 'NJAU_C051', 'NJAU_C052', 'NJAU_C053', 'NJAU_C054', 'NJAU_C055', 'NJAU_C056', 'NJAU_C057', 'NJAU_C058', 'NJAU_C059', 'NJAU_C060', 'NJAU_C061', 'NJAU_C062', 'NJAU_C063', 'NJAU_C064', 'NJAU_C065', 'NJAU_C066', 'NJAU_C067', 'NJAU_C068', 'NJAU_C069', 'NJAU_C070', 'NJAU_C071', 'NJAU_C072', 'NJAU_C073', 'NJAU_C074', 'NJAU_C075', 'NJAU_C076', 'NJAU_C077', 'NJAU_C078', 'NJAU_C079', 'NJAU_C080', 'NJAU_C081', 'NJAU_C082', 'NJAU_C083', 'NJAU_C084', 'NJAU_C085', 'NJAU_C086', 'NJAU_C087', 'NJAU_C089', 'NJAU_C090', 'NJAU_C091', 'NJAU_C092', 'NJAU_C093', 'NJAU_C095', 'NJAU_C096', 'NJAU_C097', 'NJAU_C101', 'NJAU_C102', 'NJAU_C104', 'NJAU_C105', 'NJAU_C106', 'NJAU_C107', 'NJAU_C108', 'NJAU_C109', 'NJAU_C110', 'NJAU_C111', 'NJAU_C112', 'NJAU_C113', 'NJAU_C114', 'NJAU_C115', 'NJAU_C116', 'NJAU_C117', 'NJAU_C118', 'NJAU_C119', 'NJAU_C120', 'NJAU_C121', 'NJAU_C122', 'NJAU_C123', 'NJAU_C124', 'NJAU_C125', 'NJAU_C127', 'NJAU_C128', 'NJAU_C129', 'NJAU_C130', 'NJAU_C131', 'NJAU_C132', 'NJAU_C133', 'NJAU_C135', 'NJAU_C136', 'NJAU_C137', 'NJAU_C138', 'NJAU_C139', 'NJAU_C140', 'NJAU_C141', 'NJAU_C142', 'NJAU_C143', 'NJAU_C144', 'NJAU_C145', 'NJAU_C146', 'NJAU_C147', 'NJAU_C148', 'NJAU_C149', 'NJAU_C150', 'NJAU_C151', 'NJAU_C152', 'NJAU_C153', 'NJAU_C154', 'NJAU_C155', 'NJAU_C156', 'NJAU_C157', 'NJAU_C158', 'NJAU_C159', 'NJAU_C160', 'NJAU_C161', 'NJAU_C162', 'NJAU_C163', 'NJAU_C164', 'NJAU_C165', 'NJAU_C166', 'NJAU_C167', 'NJAU_C168', 'NJAU_C169', 'NJAU_C170', 'NJAU_C171', 'NJAU_C173', 'NJAU_C174', 'NJAU_C175', 'NJAU_C176', 'NJAU_C177', 'NJAU_C178', 'NJAU_C179', 'NJAU_C180', 'NJAU_C181', 'NJAU_C182', 'NJAU_C183', 'NJAU_C184', 'NJAU_C185', 'NJAU_C186', 'NJAU_C187', 'NJAU_C188', 'NJAU_C189', 'NJAU_C190', 'NJAU_C191', 'NJAU_C192', 'NJAU_C194', 'NJAU_C195', 'NJAU_C196', 'NJAU_C197', 'NJAU_C198', 'NJAU_C199', 'NJAU_C200', 'NJAU_C201', 'NJAU_C202', 'NJAU_C203', 'NJAU_C204', 'NJAU_C205', 'NJAU_C206', 'NJAU_C207', 'NJAU_C208', 'NJAU_C209', 'NJAU_C210', 'NJAU_C212', 'NJAU_C214', 'NJAU_C215', 'NJAU_C217', 'NJAU_C218', 'NJAU_C219']",grain_weight,hap2,T,15.634,205
40,Glyma.10G034300,"['NJAU_C001', 'NJAU_C002', 'NJAU_C003', 'NJAU_C005', 'NJAU_C007', 'NJAU_C008', 'NJAU_C009', 'NJAU_C011', 'NJAU_C012', 'NJAU_C013', 'NJAU_C016', 'NJAU_C017', 'NJAU_C019', 'NJAU_C020', 'NJAU_C021', 'NJAU_C024', 'NJAU_C025', 'NJAU_C026', 'NJAU_C027', 'NJAU_C028', 'NJAU_C029', 'NJAU_C030', 'NJAU_C032', 'NJAU_C033', 'NJAU_C034', 'NJAU_C035', 'NJAU_C036', 'NJAU_C037', 'NJAU_C038', 'NJAU_C039', 'NJAU_C040', 'NJAU_C041', 'NJAU_C042', 'NJAU_C043', 'NJAU_C044', 'NJAU_C045', 'NJAU_C046', 'NJAU_C047', 'NJAU_C048', 'NJAU_C049', 'NJAU_C050', 'NJAU_C051', 'NJAU_C053', 'NJAU_C054', 'NJAU_C055', 'NJAU_C056', 'NJAU_C058', 'NJAU_C059', 'NJAU_C060', 'NJAU_C061', 'NJAU_C062', 'NJAU_C063', 'NJAU_C064', 'NJAU_C065', 'NJAU_C066', 'NJAU_C067', 'NJAU_C068', 'NJAU_C070', 'NJAU_C071', 'NJAU_C072', 'NJAU_C075', 'NJAU_C076', 'NJAU_C077', 'NJAU_C078', 'NJAU_C079', 'NJAU_C080', 'NJAU_C081', 'NJAU_C083', 'NJAU_C084', 'NJAU_C085', 'NJAU_C086', 'NJAU_C087', 'NJAU_C089', 'NJAU_C090', 'NJAU_C091', 'NJAU_C092', 'NJAU_C093', 'NJAU_C095', 'NJAU_C096', 'NJAU_C097', 'NJAU_C098', 'NJAU_C099', 'NJAU_C100', 'NJAU_C101', 'NJAU_C103', 'NJAU_C104', 'NJAU_C105', 'NJAU_C106', 'NJAU_C108', 'NJAU_C109', 'NJAU_C110', 'NJAU_C111', 'NJAU_C112', 'NJAU_C113', 'NJAU_C114', 'NJAU_C115', 'NJAU_C116', 'NJAU_C117', 'NJAU_C118', 'NJAU_C119', 'NJAU_C120', 'NJAU_C121', 'NJAU_C122', 'NJAU_C123', 'NJAU_C124', 'NJAU_C125', 'NJAU_C126', 'NJAU_C127', 'NJAU_C128', 'NJAU_C129', 'NJAU_C130', 'NJAU_C131', 'NJAU_C132', 'NJAU_C133', 'NJAU_C134', 'NJAU_C136', 'NJAU_C137', 'NJAU_C138', 'NJAU_C139', 'NJAU_C140', 'NJAU_C141', 'NJAU_C142', 'NJAU_C143', 'NJAU_C144', 'NJAU_C145', 'NJAU_C146', 'NJAU_C147', 'NJAU_C148', 'NJAU_C149', 'NJAU_C150', 'NJAU_C151', 'NJAU_C152', 'NJAU_C153', 'NJAU_C154', 'NJAU_C155', 'NJAU_C156', 'NJAU_C157', 'NJAU_C158', 'NJAU_C159', 'NJAU_C161', 'NJAU_C162', 'NJAU_C163', 'NJAU_C164', 'NJAU_C165', 'NJAU_C166', 'NJAU_C167', 'NJAU_C168', 'NJAU_C170', 'NJAU_C171', 'NJAU_C172', 'NJAU_C173', 'NJAU_C174', 'NJAU_C175', 'NJAU_C176', 'NJAU_C178', 'NJAU_C179', 'NJAU_C180', 'NJAU_C181', 'NJAU_C182', 'NJAU_C183', 'NJAU_C184', 'NJAU_C186', 'NJAU_C188', 'NJAU_C189', 'NJAU_C190', 'NJAU_C191', 'NJAU_C192', 'NJAU_C193', 'NJAU_C194', 'NJAU_C195', 'NJAU_C196', 'NJAU_C197', 'NJAU_C198', 'NJAU_C199', 'NJAU_C200', 'NJAU_C201', 'NJAU_C202', 'NJAU_C203', 'NJAU_C205', 'NJAU_C206', 'NJAU_C207', 'NJAU_C208', 'NJAU_C210', 'NJAU_C211', 'NJAU_C212', 'NJAU_C213', 'NJAU_C214', 'NJAU_C215', 'NJAU_C216', 'NJAU_C217', 'NJAU_C218', 'NJAU_C219']",grain_weight,hap1,G,16.216,192
41,Glyma.10G034300,"['NJAU_C004', 'NJAU_C006', 'NJAU_C010', 'NJAU_C014', 'NJAU_C015', 'NJAU_C018', 'NJAU_C022', 'NJAU_C023', 'NJAU_C031', 'NJAU_C052', 'NJAU_C057', 'NJAU_C069', 'NJAU_C073', 'NJAU_C074', 'NJAU_C082', 'NJAU_C094', 'NJAU_C107', 'NJAU_C135', 'NJAU_C160', 'NJAU_C177', 'NJAU_C185', 'NJAU_C187', 'NJAU_C204', 'NJAU_C209']",grain_weight,hap2,A,13.568,24
42,Glyma.08G158500,"['NJAU_C001', 'NJAU_C007', 'NJAU_C008', 'NJAU_C009', 'NJAU_C017', 'NJAU_C027', 'NJAU_C036', 'NJAU_C043', 'NJAU_C046', 'NJAU_C047', 'NJAU_C052', 'NJAU_C053', 'NJAU_C057', 'NJAU_C059', 'NJAU_C061', 'NJAU_C065', 'NJAU_C067', 'NJAU_C076', 'NJAU_C098', 'NJAU_C099', 'NJAU_C100', 'NJAU_C101', 'NJAU_C103', 'NJAU_C104', 'NJAU_C110', 'NJAU_C111', 'NJAU_C112', 'NJAU_C114', 'NJAU_C120', 'NJAU_C123', 'NJAU_C127', 'NJAU_C128', 'NJAU_C141', 'NJAU_C143', 'NJAU_C146', 'NJAU_C147', 'NJAU_C148', 'NJAU_C152', 'NJAU_C153', 'NJAU_C156', 'NJAU_C164', 'NJAU_C169', 'NJAU_C170', 'NJAU_C172', 'NJAU_C177', 'NJAU_C179', 'NJAU_C181', 'NJAU_C182', 'NJAU_C188', 'NJAU_C198', 'NJAU_C199', 'NJAU_C201', 'NJAU_C203', 'NJAU_C206', 'NJAU_C209', 'NJAU_C214', 'NJAU_C216', 'NJAU_C217', 'NJAU_C218']",grain_weight,hap1,AG,17.556,59
43,Glyma.08G158500,"['NJAU_C002', 'NJAU_C003', 'NJAU_C004', 'NJAU_C005', 'NJAU_C006', 'NJAU_C010', 'NJAU_C011', 'NJAU_C012', 'NJAU_C013', 'NJAU_C014', 'NJAU_C015', 'NJAU_C016', 'NJAU_C018', 'NJAU_C019', 'NJAU_C020', 'NJAU_C021', 'NJAU_C022', 'NJAU_C023', 'NJAU_C024', 'NJAU_C025', 'NJAU_C026', 'NJAU_C028', 'NJAU_C029', 'NJAU_C030', 'NJAU_C031', 'NJAU_C032', 'NJAU_C033', 'NJAU_C034', 'NJAU_C035', 'NJAU_C037', 'NJAU_C038', 'NJAU_C039', 'NJAU_C040', 'NJAU_C041', 'NJAU_C042', 'NJAU_C044', 'NJAU_C045', 'NJAU_C048', 'NJAU_C049', 'NJAU_C050', 'NJAU_C051', 'NJAU_C054', 'NJAU_C055', 'NJAU_C056', 'NJAU_C058', 'NJAU_C060', 'NJAU_C062', 'NJAU_C064', 'NJAU_C066', 'NJAU_C068', 'NJAU_C070', 'NJAU_C071', 'NJAU_C072', 'NJAU_C073', 'NJAU_C074', 'NJAU_C075', 'NJAU_C077', 'NJAU_C078', 'NJAU_C079', 'NJAU_C080', 'NJAU_C081', 'NJAU_C082', 'NJAU_C083', 'NJAU_C084', 'NJAU_C085', 'NJAU_C086', 'NJAU_C087', 'NJAU_C089', 'NJAU_C090', 'NJAU_C091', 'NJAU_C092', 'NJAU_C093', 'NJAU_C096', 'NJAU_C097', 'NJAU_C105', 'NJAU_C106', 'NJAU_C108', 'NJAU_C109', 'NJAU_C113', 'NJAU_C115', 'NJAU_C116', 'NJAU_C117', 'NJAU_C119', 'NJAU_C121', 'NJAU_C122', 'NJAU_C124', 'NJAU_C125', 'NJAU_C126', 'NJAU_C129', 'NJAU_C130', 'NJAU_C131', 'NJAU_C132', 'NJAU_C133', 'NJAU_C134', 'NJAU_C135', 'NJAU_C136', 'NJAU_C137', 'NJAU_C138', 'NJAU_C139', 'NJAU_C140', 'NJAU_C142', 'NJAU_C144', 'NJAU_C145', 'NJAU_C150', 'NJAU_C151', 'NJAU_C154', 'NJAU_C155', 'NJAU_C157', 'NJAU_C158', 'NJAU_C159', 'NJAU_C160', 'NJAU_C161', 'NJAU_C162', 'NJAU_C163', 'NJAU_C165', 'NJAU_C166', 'NJAU_C167', 'NJAU_C168', 'NJAU_C171', 'NJAU_C173', 'NJAU_C174', 'NJAU_C175', 'NJAU_C176', 'NJAU_C178', 'NJAU_C180', 'NJAU_C183', 'NJAU_C184', 'NJAU_C185', 'NJAU_C186', 'NJAU_C187', 'NJAU_C189', 'NJAU_C190', 'NJAU_C191', 'NJAU_C192', 'NJAU_C193', 'NJAU_C194', 'NJAU_C195', 'NJAU_C196', 'NJAU_C197', 'NJAU_C200', 'NJAU_C202', 'NJAU_C204', 'NJAU_C205', 'NJAU_C207', 'NJAU_C208', 'NJAU_C210', 'NJAU_C211', 'NJAU_C212', 'NJAU_C213', 'NJAU_C215', 'NJAU_C219']",grain_weight,hap2,TA,15.234,151
44,Glyma.04G076400,"['NJAU_C001', 'NJAU_C002', 'NJAU_C003', 'NJAU_C004', 'NJAU_C005', 'NJAU_C006', 'NJAU_C007', 'NJAU_C008', 'NJAU_C009', 'NJAU_C010', 'NJAU_C011', 'NJAU_C012', 'NJAU_C013', 'NJAU_C014', 'NJAU_C015', 'NJAU_C016', 'NJAU_C017', 'NJAU_C018', 'NJAU_C019', 'NJAU_C020', 'NJAU_C021', 'NJAU_C022', 'NJAU_C023', 'NJAU_C024', 'NJAU_C025', 'NJAU_C026', 'NJAU_C027', 'NJAU_C028', 'NJAU_C029', 'NJAU_C030', 'NJAU_C031', 'NJAU_C032', 'NJAU_C033', 'NJAU_C034', 'NJAU_C035', 'NJAU_C036', 'NJAU_C037', 'NJAU_C038', 'NJAU_C039', 'NJAU_C040', 'NJAU_C041', 'NJAU_C042', 'NJAU_C043', 'NJAU_C044', 'NJAU_C045', 'NJAU_C046', 'NJAU_C048', 'NJAU_C049', 'NJAU_C050', 'NJAU_C051', 'NJAU_C052', 'NJAU_C053', 'NJAU_C054', 'NJAU_C055', 'NJAU_C056', 'NJAU_C057', 'NJAU_C058', 'NJAU_C062', 'NJAU_C064', 'NJAU_C065', 'NJAU_C066', 'NJAU_C068', 'NJAU_C069', 'NJAU_C071', 'NJAU_C072', 'NJAU_C073', 'NJAU_C074', 'NJAU_C075', 'NJAU_C076', 'NJAU_C077', 'NJAU_C078', 'NJAU_C079', 'NJAU_C080', 'NJAU_C081', 'NJAU_C082', 'NJAU_C083', 'NJAU_C084', 'NJAU_C085', 'NJAU_C086', 'NJAU_C087', 'NJAU_C089', 'NJAU_C090', 'NJAU_C091', 'NJAU_C092', 'NJAU_C093', 'NJAU_C094', 'NJAU_C096', 'NJAU_C097', 'NJAU_C098', 'NJAU_C099', 'NJAU_C101', 'NJAU_C102', 'NJAU_C103', 'NJAU_C104', 'NJAU_C105', 'NJAU_C106', 'NJAU_C107', 'NJAU_C108', 'NJAU_C109', 'NJAU_C111', 'NJAU_C112', 'NJAU_C113', 'NJAU_C114', 'NJAU_C115', 'NJAU_C116', 'NJAU_C118', 'NJAU_C119', 'NJAU_C120', 'NJAU_C121', 'NJAU_C122', 'NJAU_C123', 'NJAU_C124', 'NJAU_C125', 'NJAU_C126', 'NJAU_C128', 'NJAU_C129', 'NJAU_C130', 'NJAU_C131', 'NJAU_C133', 'NJAU_C135', 'NJAU_C136', 'NJAU_C137', 'NJAU_C138', 'NJAU_C140', 'NJAU_C141', 'NJAU_C142', 'NJAU_C143', 'NJAU_C144', 'NJAU_C145', 'NJAU_C146', 'NJAU_C147', 'NJAU_C148', 'NJAU_C149', 'NJAU_C150', 'NJAU_C151', 'NJAU_C152', 'NJAU_C156', 'NJAU_C157', 'NJAU_C158', 'NJAU_C159', 'NJAU_C160', 'NJAU_C161', 'NJAU_C162', 'NJAU_C163', 'NJAU_C164', 'NJAU_C165', 'NJAU_C166', 'NJAU_C168', 'NJAU_C169', 'NJAU_C172', 'NJAU_C173', 'NJAU_C174', 'NJAU_C175', 'NJAU_C176', 'NJAU_C177', 'NJAU_C178', 'NJAU_C180', 'NJAU_C181', 'NJAU_C182', 'NJAU_C183', 'NJAU_C184', 'NJAU_C185', 'NJAU_C186', 'NJAU_C187', 'NJAU_C189', 'NJAU_C190', 'NJAU_C191', 'NJAU_C195', 'NJAU_C198', 'NJAU_C199', 'NJAU_C200', 'NJAU_C201', 'NJAU_C203', 'NJAU_C204', 'NJAU_C205', 'NJAU_C206', 'NJAU_C208', 'NJAU_C209', 'NJAU_C211', 'NJAU_C212', 'NJAU_C213', 'NJAU_C214', 'NJAU_C215', 'NJAU_C217', 'NJAU_C218', 'NJAU_C219']",grain_weight,hap1,CCTAACATC,15.56,186
45,Glyma.04G076400,"['NJAU_C060', 'NJAU_C070', 'NJAU_C095', 'NJAU_C100', 'NJAU_C132', 'NJAU_C139', 'NJAU_C154', 'NJAU_C167', 'NJAU_C188', 'NJAU_C194', 'NJAU_C197', 'NJAU_C216']",grain_weight,hap4,CGCCGATCA,20.051,12
46,Glyma.18G073200,"['NJAU_C003', 'NJAU_C004', 'NJAU_C006', 'NJAU_C011', 'NJAU_C013', 'NJAU_C014', 'NJAU_C015', 'NJAU_C020', 'NJAU_C022', 'NJAU_C024', 'NJAU_C025', 'NJAU_C029', 'NJAU_C030', 'NJAU_C034', 'NJAU_C038', 'NJAU_C039', 'NJAU_C040', 'NJAU_C041', 'NJAU_C042', 'NJAU_C044', 'NJAU_C045', 'NJAU_C049', 'NJAU_C054', 'NJAU_C056', 'NJAU_C071', 'NJAU_C072', 'NJAU_C073', 'NJAU_C075', 'NJAU_C078', 'NJAU_C079', 'NJAU_C080', 'NJAU_C084', 'NJAU_C089', 'NJAU_C092', 'NJAU_C093', 'NJAU_C096', 'NJAU_C097', 'NJAU_C098', 'NJAU_C099', 'NJAU_C103', 'NJAU_C135', 'NJAU_C138', 'NJAU_C140', 'NJAU_C144', 'NJAU_C146', 'NJAU_C147', 'NJAU_C151', 'NJAU_C160', 'NJAU_C166', 'NJAU_C171', 'NJAU_C180', 'NJAU_C184', 'NJAU_C190', 'NJAU_C204', 'NJAU_C208', 'NJAU_C212', 'NJAU_C215']",grain_weight,hap3,AAAATCTCCACAAATG,14.011,57
47,Glyma.18G073200,"['NJAU_C005', 'NJAU_C007', 'NJAU_C008', 'NJAU_C009', 'NJAU_C010', 'NJAU_C012', 'NJAU_C016', 'NJAU_C017', 'NJAU_C018', 'NJAU_C019', 'NJAU_C021', 'NJAU_C028', 'NJAU_C031', 'NJAU_C033', 'NJAU_C035', 'NJAU_C036', 'NJAU_C037', 'NJAU_C043', 'NJAU_C046', 'NJAU_C050', 'NJAU_C051', 'NJAU_C052', 'NJAU_C053', 'NJAU_C055', 'NJAU_C057', 'NJAU_C058', 'NJAU_C059', 'NJAU_C062', 'NJAU_C064', 'NJAU_C065', 'NJAU_C066', 'NJAU_C068', 'NJAU_C070', 'NJAU_C074', 'NJAU_C076', 'NJAU_C077', 'NJAU_C082', 'NJAU_C083', 'NJAU_C085', 'NJAU_C086', 'NJAU_C087', 'NJAU_C090', 'NJAU_C091', 'NJAU_C095', 'NJAU_C101', 'NJAU_C102', 'NJAU_C104', 'NJAU_C106', 'NJAU_C108', 'NJAU_C109', 'NJAU_C110', 'NJAU_C111', 'NJAU_C112', 'NJAU_C114', 'NJAU_C116', 'NJAU_C117', 'NJAU_C118', 'NJAU_C119', 'NJAU_C120', 'NJAU_C121', 'NJAU_C122', 'NJAU_C123', 'NJAU_C124', 'NJAU_C125', 'NJAU_C127', 'NJAU_C130', 'NJAU_C131', 'NJAU_C132', 'NJAU_C133', 'NJAU_C134', 'NJAU_C136', 'NJAU_C137', 'NJAU_C139', 'NJAU_C141', 'NJAU_C145', 'NJAU_C149', 'NJAU_C154', 'NJAU_C155', 'NJAU_C158', 'NJAU_C161', 'NJAU_C164', 'NJAU_C165', 'NJAU_C167', 'NJAU_C170', 'NJAU_C175', 'NJAU_C177', 'NJAU_C178', 'NJAU_C179', 'NJAU_C181', 'NJAU_C182', 'NJAU_C185', 'NJAU_C186', 'NJAU_C187', 'NJAU_C188', 'NJAU_C189', 'NJAU_C191', 'NJAU_C192', 'NJAU_C193', 'NJAU_C195', 'NJAU_C196', 'NJAU_C197', 'NJAU_C198', 'NJAU_C199', 'NJAU_C200', 'NJAU_C201', 'NJAU_C205', 'NJAU_C206', 'NJAU_C209', 'NJAU_C210', 'NJAU_C211', 'NJAU_C213', 'NJAU_C214', 'NJAU_C216', 'NJAU_C219']",grain_weight,hap4,AAAATCACCGTGGGCA,16.365,114
48,Glyma.01G167500,"['NJAU_C001', 'NJAU_C002', 'NJAU_C003', 'NJAU_C005', 'NJAU_C006', 'NJAU_C007', 'NJAU_C008', 'NJAU_C009', 'NJAU_C010', 'NJAU_C011', 'NJAU_C012', 'NJAU_C013', 'NJAU_C016', 'NJAU_C017', 'NJAU_C018', 'NJAU_C019', 'NJAU_C020', 'NJAU_C024', 'NJAU_C026', 'NJAU_C027', 'NJAU_C028', 'NJAU_C029', 'NJAU_C030', 'NJAU_C031', 'NJAU_C032', 'NJAU_C033', 'NJAU_C034', 'NJAU_C035', 'NJAU_C036', 'NJAU_C038', 'NJAU_C039', 'NJAU_C040', 'NJAU_C041', 'NJAU_C043', 'NJAU_C046', 'NJAU_C048', 'NJAU_C050', 'NJAU_C051', 'NJAU_C052', 'NJAU_C053', 'NJAU_C054', 'NJAU_C056', 'NJAU_C057', 'NJAU_C058', 'NJAU_C059', 'NJAU_C060', 'NJAU_C061', 'NJAU_C062', 'NJAU_C063', 'NJAU_C065', 'NJAU_C066', 'NJAU_C067', 'NJAU_C068', 'NJAU_C069', 'NJAU_C071', 'NJAU_C072', 'NJAU_C073', 'NJAU_C074', 'NJAU_C077', 'NJAU_C078', 'NJAU_C079', 'NJAU_C080', 'NJAU_C082', 'NJAU_C083', 'NJAU_C084', 'NJAU_C085', 'NJAU_C086', 'NJAU_C087', 'NJAU_C089', 'NJAU_C090', 'NJAU_C091', 'NJAU_C092', 'NJAU_C093', 'NJAU_C095', 'NJAU_C096', 'NJAU_C097', 'NJAU_C098', 'NJAU_C099', 'NJAU_C100', 'NJAU_C101', 'NJAU_C102', 'NJAU_C103', 'NJAU_C104', 'NJAU_C105', 'NJAU_C106', 'NJAU_C107', 'NJAU_C109', 'NJAU_C110', 'NJAU_C111', 'NJAU_C112', 'NJAU_C113', 'NJAU_C114', 'NJAU_C115', 'NJAU_C116', 'NJAU_C117', 'NJAU_C118', 'NJAU_C119', 'NJAU_C120', 'NJAU_C121', 'NJAU_C124', 'NJAU_C125', 'NJAU_C126', 'NJAU_C127', 'NJAU_C128', 'NJAU_C129', 'NJAU_C130', 'NJAU_C131', 'NJAU_C132', 'NJAU_C133', 'NJAU_C134', 'NJAU_C135', 'NJAU_C136', 'NJAU_C137', 'NJAU_C138', 'NJAU_C139', 'NJAU_C140', 'NJAU_C141', 'NJAU_C142', 'NJAU_C143', 'NJAU_C144', 'NJAU_C145', 'NJAU_C146', 'NJAU_C147', 'NJAU_C148', 'NJAU_C149', 'NJAU_C150', 'NJAU_C151', 'NJAU_C152', 'NJAU_C153', 'NJAU_C154', 'NJAU_C155', 'NJAU_C156', 'NJAU_C157', 'NJAU_C158', 'NJAU_C159', 'NJAU_C160', 'NJAU_C161', 'NJAU_C162', 'NJAU_C163', 'NJAU_C164', 'NJAU_C165', 'NJAU_C166', 'NJAU_C167', 'NJAU_C169', 'NJAU_C170', 'NJAU_C171', 'NJAU_C172', 'NJAU_C173', 'NJAU_C174', 'NJAU_C175', 'NJAU_C176', 'NJAU_C177', 'NJAU_C179', 'NJAU_C180', 'NJAU_C181', 'NJAU_C182', 'NJAU_C183', 'NJAU_C185', 'NJAU_C186', 'NJAU_C187', 'NJAU_C188', 'NJAU_C189', 'NJAU_C191', 'NJAU_C192', 'NJAU_C193', 'NJAU_C194', 'NJAU_C195', 'NJAU_C196', 'NJAU_C197', 'NJAU_C198', 'NJAU_C199', 'NJAU_C202', 'NJAU_C204', 'NJAU_C205', 'NJAU_C206', 'NJAU_C207', 'NJAU_C208', 'NJAU_C209', 'NJAU_C210', 'NJAU_C212', 'NJAU_C214', 'NJAU_C215', 'NJAU_C217', 'NJAU_C218', 'NJAU_C219']",grain_weight,hap1,CGC,15.748,185
49,Glyma.01G167500,"['NJAU_C004', 'NJAU_C014', 'NJAU_C015', 'NJAU_C021', 'NJAU_C022', 'NJAU_C023', 'NJAU_C037', 'NJAU_C045', 'NJAU_C047', 'NJAU_C049', 'NJAU_C064', 'NJAU_C076', 'NJAU_C081', 'NJAU_C094', 'NJAU_C108', 'NJAU_C178', 'NJAU_C190', 'NJAU_C200', 'NJAU_C201', 'NJAU_C203', 'NJAU_C211', 'NJAU_C213', 'NJAU_C216']",grain_weight,hap2,TAG,16.631,23
50,Glyma.20G162300,"['NJAU_C001', 'NJAU_C002', 'NJAU_C003', 'NJAU_C004', 'NJAU_C005', 'NJAU_C006', 'NJAU_C007', 'NJAU_C008', 'NJAU_C009', 'NJAU_C010', 'NJAU_C011', 'NJAU_C012', 'NJAU_C013', 'NJAU_C014', 'NJAU_C015', 'NJAU_C016', 'NJAU_C017', 'NJAU_C018', 'NJAU_C019', 'NJAU_C020', 'NJAU_C021', 'NJAU_C022', 'NJAU_C023', 'NJAU_C024', 'NJAU_C025', 'NJAU_C026', 'NJAU_C027', 'NJAU_C028', 'NJAU_C029', 'NJAU_C030', 'NJAU_C031', 'NJAU_C032', 'NJAU_C034', 'NJAU_C035', 'NJAU_C036', 'NJAU_C037', 'NJAU_C038', 'NJAU_C039', 'NJAU_C040', 'NJAU_C041', 'NJAU_C042', 'NJAU_C043', 'NJAU_C044', 'NJAU_C045', 'NJAU_C046', 'NJAU_C047', 'NJAU_C048', 'NJAU_C049', 'NJAU_C051', 'NJAU_C052', 'NJAU_C053', 'NJAU_C054', 'NJAU_C055', 'NJAU_C057', 'NJAU_C058', 'NJAU_C059', 'NJAU_C060', 'NJAU_C061', 'NJAU_C062', 'NJAU_C063', 'NJAU_C064', 'NJAU_C065', 'NJAU_C066', 'NJAU_C067', 'NJAU_C068', 'NJAU_C069', 'NJAU_C070', 'NJAU_C071', 'NJAU_C072', 'NJAU_C073', 'NJAU_C074', 'NJAU_C075', 'NJAU_C076', 'NJAU_C077', 'NJAU_C078', 'NJAU_C079', 'NJAU_C080', 'NJAU_C081', 'NJAU_C082', 'NJAU_C083', 'NJAU_C084', 'NJAU_C085', 'NJAU_C086', 'NJAU_C087', 'NJAU_C089', 'NJAU_C090', 'NJAU_C091', 'NJAU_C092', 'NJAU_C093', 'NJAU_C094', 'NJAU_C096', 'NJAU_C097', 'NJAU_C098', 'NJAU_C099', 'NJAU_C101', 'NJAU_C102', 'NJAU_C103', 'NJAU_C104', 'NJAU_C105', 'NJAU_C106', 'NJAU_C107', 'NJAU_C108', 'NJAU_C109', 'NJAU_C110', 'NJAU_C113', 'NJAU_C114', 'NJAU_C115', 'NJAU_C117', 'NJAU_C118', 'NJAU_C119', 'NJAU_C120', 'NJAU_C121', 'NJAU_C122', 'NJAU_C124', 'NJAU_C125', 'NJAU_C126', 'NJAU_C127', 'NJAU_C128', 'NJAU_C129', 'NJAU_C130', 'NJAU_C131', 'NJAU_C132', 'NJAU_C133', 'NJAU_C134', 'NJAU_C135', 'NJAU_C136', 'NJAU_C137', 'NJAU_C138', 'NJAU_C139', 'NJAU_C140', 'NJAU_C141', 'NJAU_C144', 'NJAU_C145', 'NJAU_C146', 'NJAU_C148', 'NJAU_C149', 'NJAU_C150', 'NJAU_C151', 'NJAU_C153', 'NJAU_C154', 'NJAU_C155', 'NJAU_C156', 'NJAU_C157', 'NJAU_C159', 'NJAU_C160', 'NJAU_C161', 'NJAU_C162', 'NJAU_C163', 'NJAU_C164', 'NJAU_C165', 'NJAU_C166', 'NJAU_C167', 'NJAU_C168', 'NJAU_C169', 'NJAU_C170', 'NJAU_C171', 'NJAU_C172', 'NJAU_C173', 'NJAU_C174', 'NJAU_C175', 'NJAU_C177', 'NJAU_C180', 'NJAU_C181', 'NJAU_C183', 'NJAU_C184', 'NJAU_C185', 'NJAU_C186', 'NJAU_C187', 'NJAU_C190', 'NJAU_C191', 'NJAU_C192', 'NJAU_C193', 'NJAU_C194', 'NJAU_C195', 'NJAU_C196', 'NJAU_C197', 'NJAU_C198', 'NJAU_C199', 'NJAU_C200', 'NJAU_C201', 'NJAU_C202', 'NJAU_C204', 'NJAU_C206', 'NJAU_C207', 'NJAU_C208', 'NJAU_C209', 'NJAU_C210', 'NJAU_C211', 'NJAU_C212', 'NJAU_C213', 'NJAU_C214', 'NJAU_C215', 'NJAU_C216', 'NJAU_C217', 'NJAU_C218', 'NJAU_C219']",grain_weight,hap1,A,15.551,196
51,Glyma.20G162300,"['NJAU_C033', 'NJAU_C050', 'NJAU_C056', 'NJAU_C100', 'NJAU_C111', 'NJAU_C112', 'NJAU_C116', 'NJAU_C123', 'NJAU_C142', 'NJAU_C143', 'NJAU_C147', 'NJAU_C152', 'NJAU_C158', 'NJAU_C176', 'NJAU_C178', 'NJAU_C179', 'NJAU_C182', 'NJAU_C188', 'NJAU_C189', 'NJAU_C203', 'NJAU_C205']",grain_weight,hap2,G,18.727,21
